"Province","cumulative_Lag","RR","Lower","Upper"
"Bangkok","cumulative_Lag 0","1.0064","0.9931","1.0198"
"Buri Ram","cumulative_Lag 0","1.0492","1.0034","1.097"
"Chachoengsao","cumulative_Lag 0","1.053","1.0223","1.0847"
"Chanthaburi","cumulative_Lag 0","1.0107","0.9135","1.1184"
"Chiang Mai","cumulative_Lag 0","1.0158","1.0022","1.0294"
"Chiang Rai","cumulative_Lag 0","0.9971","0.9869","1.0075"
"Chon Buri","cumulative_Lag 0","1.0257","1.0004","1.0518"
"Kamphaeng Phet","cumulative_Lag 0","1.0004","0.9457","1.0583"
"Kanchanaburi","cumulative_Lag 0","1.0067","0.9797","1.0345"
"Khon Kaen","cumulative_Lag 0","1.018","1.0016","1.0346"
"Lampang","cumulative_Lag 0","1.0008","0.9804","1.0216"
"Lamphun","cumulative_Lag 0","0.997","0.9713","1.0234"
"Loei","cumulative_Lag 0","1.0104","0.9881","1.0331"
"Lop Buri","cumulative_Lag 0","1.0424","0.9918","1.0956"
"Mae Hong Son","cumulative_Lag 0","0.9936","0.9701","1.0176"
"Mukdahan","cumulative_Lag 0","0.9809","0.8543","1.1264"
"Nakhon Pathom","cumulative_Lag 0","1.0193","0.9886","1.0508"
"Nakhon Phanom","cumulative_Lag 0","0.9997","0.974","1.026"
"Nakhon Ratchasima","cumulative_Lag 0","1.0282","1.0085","1.0482"
"Nakhon Sawan","cumulative_Lag 0","1.028","0.9975","1.0593"
"Nakhon Si Thammarat","cumulative_Lag 0","1.0166","0.9516","1.0859"
"Nan","cumulative_Lag 0","1.0064","0.9857","1.0275"
"Narathiwat","cumulative_Lag 0","0.9793","0.9316","1.0293"
"Nong Khai","cumulative_Lag 0","1.0059","0.9831","1.0293"
"Pathum Thani","cumulative_Lag 0","0.9867","0.9561","1.0183"
"Phayao","cumulative_Lag 0","1.0042","0.9817","1.0273"
"Phetchabun","cumulative_Lag 0","1.0426","0.9844","1.1043"
"Phichit","cumulative_Lag 0","1.0251","0.957","1.098"
"Phitsanulok","cumulative_Lag 0","1.0169","0.9902","1.0443"
"Phra Nakhon Si Ayutthaya","cumulative_Lag 0","1.0094","0.9821","1.0375"
"Phrae","cumulative_Lag 0","1.0027","0.9794","1.0265"
"Phuket","cumulative_Lag 0","0.9433","0.8537","1.0423"
"Prachin Buri","cumulative_Lag 0","1.0172","0.9825","1.0531"
"Prachuap Khiri Khan","cumulative_Lag 0","1.0525","0.9744","1.1368"
"Ratchaburi","cumulative_Lag 0","1.0325","1.011","1.0545"
"Rayong","cumulative_Lag 0","1.0392","1.0005","1.0794"
"Sa Kaeo","cumulative_Lag 0","1.0192","0.9774","1.0629"
"Sakon Nakhon","cumulative_Lag 0","0.9714","0.9265","1.0184"
"Samut Prakan","cumulative_Lag 0","1.0137","0.9884","1.0397"
"Samut Songkhram","cumulative_Lag 0","0.964","0.9156","1.015"
"Satun","cumulative_Lag 0","0.9984","0.9253","1.0774"
"Songkhla","cumulative_Lag 0","1.0228","0.9812","1.0661"
"Sukhothai","cumulative_Lag 0","1.0311","0.9977","1.0656"
"Suphan Buri","cumulative_Lag 0","0.9998","0.9661","1.0346"
"Surat Thani","cumulative_Lag 0","1.0094","0.9603","1.061"
"Tak","cumulative_Lag 0","1.0076","0.9734","1.0431"
"Trang","cumulative_Lag 0","1.0081","0.8781","1.1574"
"Trat","cumulative_Lag 0","1.1201","1.0018","1.2523"
"Ubon Ratchathani","cumulative_Lag 0","1.0193","1.0051","1.0337"
"Udon Thani","cumulative_Lag 0","1.0378","1.0062","1.0703"
"Uthai Thani","cumulative_Lag 0","1.0129","0.9427","1.0883"
"Uttaradit","cumulative_Lag 0","0.9711","0.9193","1.0257"
"Yala","cumulative_Lag 0","1.0196","0.9644","1.078"
