"Province","cumulative_Lag","RR","Lower","Upper"
"Bangkok","cumulative_Lag 3","1.0282","1.0079","1.0488"
"Buri Ram","cumulative_Lag 3","1.1262","1.0467","1.2118"
"Chachoengsao","cumulative_Lag 3","1.0944","1.0442","1.1471"
"Chanthaburi","cumulative_Lag 3","0.9662","0.8414","1.1095"
"Chiang Mai","cumulative_Lag 3","1.0167","0.9963","1.0376"
"Chiang Rai","cumulative_Lag 3","0.9965","0.9825","1.0107"
"Chon Buri","cumulative_Lag 3","1.042","1.0029","1.0826"
"Kamphaeng Phet","cumulative_Lag 3","0.9779","0.8837","1.0822"
"Kanchanaburi","cumulative_Lag 3","1.0039","0.9652","1.0442"
"Khon Kaen","cumulative_Lag 3","1.0317","1.0052","1.059"
"Lampang","cumulative_Lag 3","0.9912","0.9616","1.0218"
"Lamphun","cumulative_Lag 3","1.0231","0.9848","1.0628"
"Loei","cumulative_Lag 3","0.9983","0.9645","1.0333"
"Lop Buri","cumulative_Lag 3","1.083","1","1.1729"
"Mae Hong Son","cumulative_Lag 3","1.007","0.9739","1.0413"
"Mukdahan","cumulative_Lag 3","0.9751","0.7699","1.235"
"Nakhon Pathom","cumulative_Lag 3","1.0698","1.0223","1.1196"
"Nakhon Phanom","cumulative_Lag 3","0.9882","0.9442","1.0343"
"Nakhon Ratchasima","cumulative_Lag 3","1.0652","1.0356","1.0956"
"Nakhon Sawan","cumulative_Lag 3","1.0118","0.9664","1.0594"
"Nakhon Si Thammarat","cumulative_Lag 3","1.0403","0.9412","1.1499"
"Nan","cumulative_Lag 3","1.0066","0.9759","1.0382"
"Narathiwat","cumulative_Lag 3","0.9998","0.925","1.0807"
"Nong Khai","cumulative_Lag 3","1.0052","0.9692","1.0424"
"Pathum Thani","cumulative_Lag 3","0.9967","0.9505","1.0451"
"Phayao","cumulative_Lag 3","0.9892","0.9577","1.0217"
"Phetchabun","cumulative_Lag 3","1.0664","0.9692","1.1735"
"Phichit","cumulative_Lag 3","1.0275","0.9206","1.1469"
"Phitsanulok","cumulative_Lag 3","1.0479","1.007","1.0904"
"Phra Nakhon Si Ayutthaya","cumulative_Lag 3","1.0386","0.9957","1.0832"
"Phrae","cumulative_Lag 3","1.0059","0.9707","1.0424"
"Phuket","cumulative_Lag 3","0.8986","0.766","1.0542"
"Prachin Buri","cumulative_Lag 3","1.0427","0.9927","1.0951"
"Prachuap Khiri Khan","cumulative_Lag 3","1.1266","1.0097","1.2569"
"Ratchaburi","cumulative_Lag 3","1.0242","0.9951","1.0542"
"Rayong","cumulative_Lag 3","1.0536","0.9951","1.1156"
"Sa Kaeo","cumulative_Lag 3","1.0511","0.9931","1.1124"
"Sakon Nakhon","cumulative_Lag 3","1.0102","0.9407","1.0847"
"Samut Prakan","cumulative_Lag 3","1.0347","0.9955","1.0756"
"Samut Songkhram","cumulative_Lag 3","0.9975","0.9238","1.077"
"Satun","cumulative_Lag 3","1.0197","0.9039","1.1504"
"Songkhla","cumulative_Lag 3","1.0586","0.9919","1.1298"
"Sukhothai","cumulative_Lag 3","1.037","0.983","1.0939"
"Suphan Buri","cumulative_Lag 3","1.0112","0.9582","1.0671"
"Surat Thani","cumulative_Lag 3","0.9982","0.9227","1.0799"
"Tak","cumulative_Lag 3","0.9961","0.946","1.0489"
"Trang","cumulative_Lag 3","0.9766","0.7865","1.2126"
"Trat","cumulative_Lag 3","1.2252","1.0676","1.4061"
"Ubon Ratchathani","cumulative_Lag 3","1.0259","1.0032","1.0492"
"Udon Thani","cumulative_Lag 3","1.0536","1.0048","1.1048"
"Uthai Thani","cumulative_Lag 3","1.0007","0.8895","1.1258"
"Uttaradit","cumulative_Lag 3","0.9954","0.923","1.0736"
"Yala","cumulative_Lag 3","1.0464","0.9633","1.1366"
