"Province","cumulative_Lag","RR","Lower","Upper"
"Bangkok","cumulative_Lag 1","1.0135","0.9941","1.0333"
"Buri Ram","cumulative_Lag 1","1.0867","1.0179","1.1601"
"Chachoengsao","cumulative_Lag 1","1.0852","1.039","1.1335"
"Chanthaburi","cumulative_Lag 1","1.0053","0.8705","1.1611"
"Chiang Mai","cumulative_Lag 1","1.0229","1.0031","1.043"
"Chiang Rai","cumulative_Lag 1","0.9958","0.9813","1.0106"
"Chon Buri","cumulative_Lag 1","1.0401","1.0026","1.0789"
"Kamphaeng Phet","cumulative_Lag 1","0.9954","0.9154","1.0825"
"Kanchanaburi","cumulative_Lag 1","1.0092","0.9703","1.0496"
"Khon Kaen","cumulative_Lag 1","1.0287","1.0043","1.0536"
"Lampang","cumulative_Lag 1","0.999","0.9697","1.0292"
"Lamphun","cumulative_Lag 1","1.0009","0.9637","1.0396"
"Loei","cumulative_Lag 1","1.0122","0.9799","1.0455"
"Lop Buri","cumulative_Lag 1","1.0691","0.9939","1.15"
"Mae Hong Son","cumulative_Lag 1","0.9935","0.9601","1.028"
"Mukdahan","cumulative_Lag 1","0.9714","0.7882","1.1972"
"Nakhon Pathom","cumulative_Lag 1","1.0377","0.9927","1.0848"
"Nakhon Phanom","cumulative_Lag 1","0.9966","0.9583","1.0365"
"Nakhon Ratchasima","cumulative_Lag 1","1.0481","1.0193","1.0777"
"Nakhon Sawan","cumulative_Lag 1","1.0369","0.9925","1.0833"
"Nakhon Si Thammarat","cumulative_Lag 1","1.0281","0.9338","1.132"
"Nan","cumulative_Lag 1","1.0094","0.9794","1.0403"
"Narathiwat","cumulative_Lag 1","0.9738","0.9051","1.0477"
"Nong Khai","cumulative_Lag 1","1.0083","0.9747","1.043"
"Pathum Thani","cumulative_Lag 1","0.9827","0.9386","1.0289"
"Phayao","cumulative_Lag 1","1.0031","0.9709","1.0363"
"Phetchabun","cumulative_Lag 1","1.0665","0.9799","1.1608"
"Phichit","cumulative_Lag 1","1.0359","0.9368","1.1455"
"Phitsanulok","cumulative_Lag 1","1.0304","0.9915","1.0707"
"Phra Nakhon Si Ayutthaya","cumulative_Lag 1","1.0194","0.9793","1.0613"
"Phrae","cumulative_Lag 1","1.0042","0.9705","1.039"
"Phuket","cumulative_Lag 1","0.9098","0.7851","1.0544"
"Prachin Buri","cumulative_Lag 1","1.0303","0.9802","1.0829"
"Prachuap Khiri Khan","cumulative_Lag 1","1.0902","0.976","1.2178"
"Ratchaburi","cumulative_Lag 1","1.0449","1.0139","1.0768"
"Rayong","cumulative_Lag 1","1.0588","1.0016","1.1193"
"Sa Kaeo","cumulative_Lag 1","1.0339","0.9739","1.0977"
"Sakon Nakhon","cumulative_Lag 1","0.9671","0.9029","1.0358"
"Samut Prakan","cumulative_Lag 1","1.0241","0.9869","1.0628"
"Samut Songkhram","cumulative_Lag 1","0.9556","0.8863","1.0304"
"Satun","cumulative_Lag 1","1.0025","0.8964","1.1211"
"Songkhla","cumulative_Lag 1","1.0396","0.9782","1.105"
"Sukhothai","cumulative_Lag 1","1.0457","0.9972","1.0966"
"Suphan Buri","cumulative_Lag 1","1.0011","0.9521","1.0527"
"Surat Thani","cumulative_Lag 1","1.0107","0.9392","1.0875"
"Tak","cumulative_Lag 1","1.0084","0.9591","1.0602"
"Trang","cumulative_Lag 1","1.0065","0.8219","1.2324"
"Trat","cumulative_Lag 1","1.1989","1.0258","1.4013"
"Ubon Ratchathani","cumulative_Lag 1","1.0291","1.0081","1.0506"
"Udon Thani","cumulative_Lag 1","1.0574","1.0107","1.1063"
"Uthai Thani","cumulative_Lag 1","1.0154","0.9145","1.1275"
"Uttaradit","cumulative_Lag 1","0.9643","0.8922","1.0422"
"Yala","cumulative_Lag 1","1.034","0.9535","1.1213"
