"Province","cumulative_Lag","RR","Lower","Upper"
"Bangkok","cumulative_Lag 5","1.0362","1.0131","1.0598"
"Buri Ram","cumulative_Lag 5","1.1309","1.0368","1.2335"
"Chachoengsao","cumulative_Lag 5","1.0764","1.0193","1.1367"
"Chanthaburi","cumulative_Lag 5","0.9536","0.8161","1.1142"
"Chiang Mai","cumulative_Lag 5","1.0046","0.982","1.0277"
"Chiang Rai","cumulative_Lag 5","0.997","0.9821","1.0122"
"Chon Buri","cumulative_Lag 5","1.0397","0.9957","1.0856"
"Kamphaeng Phet","cumulative_Lag 5","0.9786","0.8652","1.1068"
"Kanchanaburi","cumulative_Lag 5","0.9949","0.9513","1.0404"
"Khon Kaen","cumulative_Lag 5","1.0249","0.9946","1.0562"
"Lampang","cumulative_Lag 5","0.9887","0.9548","1.0238"
"Lamphun","cumulative_Lag 5","1.0415","0.9975","1.0874"
"Loei","cumulative_Lag 5","0.9898","0.9504","1.0309"
"Lop Buri","cumulative_Lag 5","1.0842","0.9864","1.1917"
"Mae Hong Son","cumulative_Lag 5","1.0216","0.9842","1.0603"
"Mukdahan","cumulative_Lag 5","0.9917","0.7651","1.2854"
"Nakhon Pathom","cumulative_Lag 5","1.0867","1.0325","1.1438"
"Nakhon Phanom","cumulative_Lag 5","0.996","0.9442","1.0507"
"Nakhon Ratchasima","cumulative_Lag 5","1.0636","1.0298","1.0986"
"Nakhon Sawan","cumulative_Lag 5","0.9828","0.932","1.0363"
"Nakhon Si Thammarat","cumulative_Lag 5","1.0539","0.9419","1.1792"
"Nan","cumulative_Lag 5","0.9959","0.9622","1.0309"
"Narathiwat","cumulative_Lag 5","1.0476","0.9591","1.1443"
"Nong Khai","cumulative_Lag 5","1.0025","0.9625","1.0441"
"Pathum Thani","cumulative_Lag 5","1.0197","0.9669","1.0754"
"Phayao","cumulative_Lag 5","0.9748","0.9379","1.0131"
"Phetchabun","cumulative_Lag 5","1.0453","0.9338","1.1702"
"Phichit","cumulative_Lag 5","1.0293","0.9036","1.1726"
"Phitsanulok","cumulative_Lag 5","1.058","1.01","1.1082"
"Phra Nakhon Si Ayutthaya","cumulative_Lag 5","1.0467","0.9981","1.0978"
"Phrae","cumulative_Lag 5","1.0148","0.9735","1.0578"
"Phuket","cumulative_Lag 5","0.9395","0.7829","1.1274"
"Prachin Buri","cumulative_Lag 5","1.0347","0.9784","1.0943"
"Prachuap Khiri Khan","cumulative_Lag 5","1.1468","1.0119","1.2996"
"Ratchaburi","cumulative_Lag 5","1.0016","0.9698","1.0345"
"Rayong","cumulative_Lag 5","1.051","0.9862","1.12"
"Sa Kaeo","cumulative_Lag 5","1.0586","0.9933","1.1283"
"Sakon Nakhon","cumulative_Lag 5","1.0514","0.9682","1.1417"
"Samut Prakan","cumulative_Lag 5","1.0316","0.9869","1.0783"
"Samut Songkhram","cumulative_Lag 5","1.0403","0.9575","1.1302"
"Satun","cumulative_Lag 5","1.021","0.8894","1.1721"
"Songkhla","cumulative_Lag 5","1.0717","0.994","1.1556"
"Sukhothai","cumulative_Lag 5","1.024","0.9573","1.0952"
"Suphan Buri","cumulative_Lag 5","1.0411","0.9794","1.1066"
"Surat Thani","cumulative_Lag 5","0.9991","0.9121","1.0944"
"Tak","cumulative_Lag 5","0.9891","0.9326","1.0489"
"Trang","cumulative_Lag 5","0.9216","0.7196","1.1805"
"Trat","cumulative_Lag 5","1.1581","0.9882","1.3572"
"Ubon Ratchathani","cumulative_Lag 5","1.0132","0.987","1.04"
"Udon Thani","cumulative_Lag 5","1.0423","0.9869","1.1008"
"Uthai Thani","cumulative_Lag 5","0.9989","0.8672","1.1505"
"Uttaradit","cumulative_Lag 5","1.0155","0.9283","1.1107"
"Yala","cumulative_Lag 5","1.038","0.9458","1.1391"
