"Province","cumulative_Lag","RR","Lower","Upper"
"Bangkok","cumulative_Lag 6","1.0572","1.0355","1.0794"
"Buri Ram","cumulative_Lag 6","1.0681","0.9865","1.1564"
"Chachoengsao","cumulative_Lag 6","1.0652","1.0109","1.1223"
"Chanthaburi","cumulative_Lag 6","1.0005","0.8763","1.1422"
"Chiang Mai","cumulative_Lag 6","1.012","0.9935","1.0307"
"Chiang Rai","cumulative_Lag 6","0.9924","0.9808","1.0042"
"Chon Buri","cumulative_Lag 6","1.0489","1.0087","1.0906"
"Kamphaeng Phet","cumulative_Lag 6","1.0285","0.934","1.1326"
"Kanchanaburi","cumulative_Lag 6","1.0113","0.9719","1.0522"
"Khon Kaen","cumulative_Lag 6","1.0002","0.9709","1.0303"
"Lampang","cumulative_Lag 6","0.9988","0.9697","1.0287"
"Lamphun","cumulative_Lag 6","1.0331","0.9932","1.0747"
"Loei","cumulative_Lag 6","0.9899","0.9522","1.0291"
"Lop Buri","cumulative_Lag 6","1.0962","1.0176","1.1809"
"Mae Hong Son","cumulative_Lag 6","1.0051","0.9748","1.0364"
"Mukdahan","cumulative_Lag 6","0.9679","0.7474","1.2535"
"Nakhon Pathom","cumulative_Lag 6","1.0583","1.0132","1.1053"
"Nakhon Phanom","cumulative_Lag 6","1.0156","0.9667","1.067"
"Nakhon Ratchasima","cumulative_Lag 6","1.0688","1.0405","1.0978"
"Nakhon Sawan","cumulative_Lag 6","1.0336","0.9921","1.0769"
"Nakhon Si Thammarat","cumulative_Lag 6","1.0913","1.0014","1.1893"
"Nan","cumulative_Lag 6","0.9951","0.9655","1.0257"
"Narathiwat","cumulative_Lag 6","1.0312","0.9463","1.1237"
"Nong Khai","cumulative_Lag 6","1.0034","0.9645","1.0438"
"Pathum Thani","cumulative_Lag 6","1.0572","1.0062","1.1107"
"Phayao","cumulative_Lag 6","0.9714","0.9405","1.0034"
"Phetchabun","cumulative_Lag 6","1.0025","0.9114","1.1027"
"Phichit","cumulative_Lag 6","1.0155","0.9233","1.117"
"Phitsanulok","cumulative_Lag 6","1.0411","1.0057","1.0779"
"Phra Nakhon Si Ayutthaya","cumulative_Lag 6","1.045","0.9971","1.0953"
"Phrae","cumulative_Lag 6","1.0015","0.9625","1.042"
"Phuket","cumulative_Lag 6","1.045","0.8842","1.235"
"Prachin Buri","cumulative_Lag 6","1.0575","1.0078","1.1098"
"Prachuap Khiri Khan","cumulative_Lag 6","1.1175","0.9991","1.2499"
"Ratchaburi","cumulative_Lag 6","1.0201","0.9917","1.0492"
"Rayong","cumulative_Lag 6","1.0308","0.9726","1.0926"
"Sa Kaeo","cumulative_Lag 6","1.001","0.9473","1.0577"
"Sakon Nakhon","cumulative_Lag 6","1.057","0.976","1.1447"
"Samut Prakan","cumulative_Lag 6","1.0578","1.0176","1.0995"
"Samut Songkhram","cumulative_Lag 6","1.1122","1.0316","1.1991"
"Satun","cumulative_Lag 6","0.9465","0.8307","1.0785"
"Songkhla","cumulative_Lag 6","1.0332","0.9664","1.1047"
"Sukhothai","cumulative_Lag 6","1.0023","0.9494","1.0582"
"Suphan Buri","cumulative_Lag 6","1.0355","0.9823","1.0915"
"Surat Thani","cumulative_Lag 6","1.1004","1.0198","1.1873"
"Tak","cumulative_Lag 6","0.9915","0.942","1.0436"
"Trang","cumulative_Lag 6","0.8556","0.6906","1.0601"
"Trat","cumulative_Lag 6","1.0546","0.9227","1.2054"
"Ubon Ratchathani","cumulative_Lag 6","1.0217","0.9954","1.0486"
"Udon Thani","cumulative_Lag 6","1.0913","1.0355","1.1501"
"Uthai Thani","cumulative_Lag 6","1.1009","0.9804","1.2362"
"Uttaradit","cumulative_Lag 6","1.043","0.9693","1.1223"
"Yala","cumulative_Lag 6","1.0019","0.9108","1.1021"
