"Province","cumulative_Lag","RR","Lower","Upper"
"Bangkok","cumulative_Lag 5","1.0546","1.0335","1.076"
"Buri Ram","cumulative_Lag 5","1.0681","0.9841","1.1594"
"Chachoengsao","cumulative_Lag 5","1.0555","1.0028","1.111"
"Chanthaburi","cumulative_Lag 5","0.9699","0.8427","1.1162"
"Chiang Mai","cumulative_Lag 5","1.0104","0.9917","1.0294"
"Chiang Rai","cumulative_Lag 5","0.9921","0.9796","1.0047"
"Chon Buri","cumulative_Lag 5","1.0491","1.0102","1.0894"
"Kamphaeng Phet","cumulative_Lag 5","1.0121","0.9197","1.1138"
"Kanchanaburi","cumulative_Lag 5","1.0093","0.9699","1.0503"
"Khon Kaen","cumulative_Lag 5","1.0071","0.9788","1.0361"
"Lampang","cumulative_Lag 5","0.9976","0.9687","1.0273"
"Lamphun","cumulative_Lag 5","1.0306","0.9916","1.0711"
"Loei","cumulative_Lag 5","0.9838","0.9475","1.0216"
"Lop Buri","cumulative_Lag 5","1.0882","1.0123","1.1698"
"Mae Hong Son","cumulative_Lag 5","0.9988","0.9677","1.0309"
"Mukdahan","cumulative_Lag 5","0.9526","0.7413","1.224"
"Nakhon Pathom","cumulative_Lag 5","1.061","1.0167","1.1073"
"Nakhon Phanom","cumulative_Lag 5","1.0036","0.957","1.0525"
"Nakhon Ratchasima","cumulative_Lag 5","1.0699","1.0417","1.0988"
"Nakhon Sawan","cumulative_Lag 5","1.031","0.99","1.0736"
"Nakhon Si Thammarat","cumulative_Lag 5","1.0559","0.968","1.1518"
"Nan","cumulative_Lag 5","1.0014","0.9711","1.0326"
"Narathiwat","cumulative_Lag 5","1.0166","0.9339","1.1066"
"Nong Khai","cumulative_Lag 5","1.0002","0.9624","1.0396"
"Pathum Thani","cumulative_Lag 5","1.057","1.0064","1.1102"
"Phayao","cumulative_Lag 5","0.972","0.9417","1.0034"
"Phetchabun","cumulative_Lag 5","0.9867","0.8961","1.0865"
"Phichit","cumulative_Lag 5","1.0234","0.9301","1.126"
"Phitsanulok","cumulative_Lag 5","1.0396","1.0042","1.0763"
"Phra Nakhon Si Ayutthaya","cumulative_Lag 5","1.0484","1.0012","1.0978"
"Phrae","cumulative_Lag 5","0.9883","0.9504","1.0277"
"Phuket","cumulative_Lag 5","1.0129","0.8627","1.1892"
"Prachin Buri","cumulative_Lag 5","1.0591","1.0097","1.1109"
"Prachuap Khiri Khan","cumulative_Lag 5","1.103","0.9821","1.2386"
"Ratchaburi","cumulative_Lag 5","1.0211","0.9927","1.0503"
"Rayong","cumulative_Lag 5","1.0146","0.959","1.0735"
"Sa Kaeo","cumulative_Lag 5","0.9961","0.9425","1.0528"
"Sakon Nakhon","cumulative_Lag 5","1.0608","0.9828","1.145"
"Samut Prakan","cumulative_Lag 5","1.0616","1.0224","1.1022"
"Samut Songkhram","cumulative_Lag 5","1.1022","1.0238","1.1866"
"Satun","cumulative_Lag 5","0.9322","0.8215","1.0578"
"Songkhla","cumulative_Lag 5","1.0359","0.9717","1.1043"
"Sukhothai","cumulative_Lag 5","0.9977","0.9431","1.0556"
"Suphan Buri","cumulative_Lag 5","1.0216","0.9684","1.0778"
"Surat Thani","cumulative_Lag 5","1.0865","1.0101","1.1687"
"Tak","cumulative_Lag 5","0.9929","0.9427","1.0457"
"Trang","cumulative_Lag 5","0.8524","0.6886","1.0552"
"Trat","cumulative_Lag 5","1.0397","0.9081","1.1904"
"Ubon Ratchathani","cumulative_Lag 5","1.024","0.9988","1.0498"
"Udon Thani","cumulative_Lag 5","1.1006","1.0461","1.158"
"Uthai Thani","cumulative_Lag 5","1.0659","0.9466","1.2001"
"Uttaradit","cumulative_Lag 5","1.0587","0.9839","1.1392"
"Yala","cumulative_Lag 5","1.0198","0.9284","1.1202"
