"Province","cumulative_Lag","RR","Lower","Upper"
"Bangkok","cumulative_Lag 7","1.0591","1.0336","1.0852"
"Buri Ram","cumulative_Lag 7","1.0682","0.9842","1.1593"
"Chachoengsao","cumulative_Lag 7","1.0824","1.0201","1.1484"
"Chanthaburi","cumulative_Lag 7","1.0568","0.9183","1.2161"
"Chiang Mai","cumulative_Lag 7","1.0173","0.9966","1.0384"
"Chiang Rai","cumulative_Lag 7","0.9922","0.9789","1.0057"
"Chon Buri","cumulative_Lag 7","1.053","1.0058","1.1024"
"Kamphaeng Phet","cumulative_Lag 7","1.0443","0.9428","1.1567"
"Kanchanaburi","cumulative_Lag 7","1.0168","0.9717","1.0639"
"Khon Kaen","cumulative_Lag 7","0.9948","0.961","1.0299"
"Lampang","cumulative_Lag 7","0.9971","0.9641","1.0313"
"Lamphun","cumulative_Lag 7","1.0272","0.9813","1.0751"
"Loei","cumulative_Lag 7","1.0086","0.9652","1.0539"
"Lop Buri","cumulative_Lag 7","1.127","1.0349","1.2273"
"Mae Hong Son","cumulative_Lag 7","1.027","0.9906","1.0647"
"Mukdahan","cumulative_Lag 7","1.012","0.7619","1.3442"
"Nakhon Pathom","cumulative_Lag 7","1.0464","0.9944","1.1011"
"Nakhon Phanom","cumulative_Lag 7","1.0393","0.9838","1.0979"
"Nakhon Ratchasima","cumulative_Lag 7","1.0695","1.0371","1.1029"
"Nakhon Sawan","cumulative_Lag 7","1.0358","0.9888","1.0849"
"Nakhon Si Thammarat","cumulative_Lag 7","1.1752","1.0684","1.2927"
"Nan","cumulative_Lag 7","0.9853","0.9514","1.0204"
"Narathiwat","cumulative_Lag 7","1.0524","0.9555","1.1592"
"Nong Khai","cumulative_Lag 7","1.0224","0.9773","1.0696"
"Pathum Thani","cumulative_Lag 7","1.0485","0.9908","1.1095"
"Phayao","cumulative_Lag 7","0.9761","0.9402","1.0135"
"Phetchabun","cumulative_Lag 7","1.0372","0.9385","1.1463"
"Phichit","cumulative_Lag 7","0.9928","0.8951","1.1011"
"Phitsanulok","cumulative_Lag 7","1.0405","1.0016","1.0808"
"Phra Nakhon Si Ayutthaya","cumulative_Lag 7","1.035","0.9796","1.0936"
"Phrae","cumulative_Lag 7","1.0186","0.9739","1.0654"
"Phuket","cumulative_Lag 7","1.0847","0.893","1.3176"
"Prachin Buri","cumulative_Lag 7","1.0581","1.0005","1.1191"
"Prachuap Khiri Khan","cumulative_Lag 7","1.1466","1.0199","1.289"
"Ratchaburi","cumulative_Lag 7","1.0268","0.9935","1.0613"
"Rayong","cumulative_Lag 7","1.0683","0.9982","1.1433"
"Sa Kaeo","cumulative_Lag 7","1.0216","0.9576","1.0898"
"Sakon Nakhon","cumulative_Lag 7","1.0364","0.9423","1.1398"
"Samut Prakan","cumulative_Lag 7","1.0523","1.0062","1.1005"
"Samut Songkhram","cumulative_Lag 7","1.1001","1.0077","1.201"
"Satun","cumulative_Lag 7","0.9767","0.8403","1.1353"
"Songkhla","cumulative_Lag 7","1.0294","0.9505","1.1147"
"Sukhothai","cumulative_Lag 7","1.0229","0.9681","1.0808"
"Suphan Buri","cumulative_Lag 7","1.0521","0.9942","1.1135"
"Surat Thani","cumulative_Lag 7","1.1178","1.0236","1.2207"
"Tak","cumulative_Lag 7","0.9899","0.9361","1.0469"
"Trang","cumulative_Lag 7","0.8654","0.6846","1.0939"
"Trat","cumulative_Lag 7","1.1024","0.9413","1.291"
"Ubon Ratchathani","cumulative_Lag 7","1.0214","0.9908","1.053"
"Udon Thani","cumulative_Lag 7","1.0634","1.0003","1.1305"
"Uthai Thani","cumulative_Lag 7","1.1571","1.0224","1.3095"
"Uttaradit","cumulative_Lag 7","0.9918","0.9098","1.0813"
"Yala","cumulative_Lag 7","0.9714","0.8708","1.0836"
