"Province","cumulative_Lag","RR","Lower","Upper"
"Bangkok","cumulative_Lag 7","1.0272","1.0143","1.0402"
"Buri Ram","cumulative_Lag 7","1.0728","1.0203","1.128"
"Chachoengsao","cumulative_Lag 7","1.0422","1.0053","1.0804"
"Chanthaburi","cumulative_Lag 7","1.038","0.9526","1.131"
"Chiang Mai","cumulative_Lag 7","1.0072","0.9953","1.0193"
"Chiang Rai","cumulative_Lag 7","0.9924","0.9844","1.0005"
"Chon Buri","cumulative_Lag 7","1.0441","1.0159","1.0731"
"Kamphaeng Phet","cumulative_Lag 7","1.0444","0.9829","1.1098"
"Kanchanaburi","cumulative_Lag 7","1.0083","0.9824","1.0349"
"Khon Kaen","cumulative_Lag 7","1.0115","0.9914","1.0319"
"Lampang","cumulative_Lag 7","1.0068","0.9875","1.0264"
"Lamphun","cumulative_Lag 7","0.9961","0.97","1.0228"
"Loei","cumulative_Lag 7","1.0061","0.9808","1.0321"
"Lop Buri","cumulative_Lag 7","1.0755","1.0126","1.1424"
"Mae Hong Son","cumulative_Lag 7","1.0199","0.9979","1.0423"
"Mukdahan","cumulative_Lag 7","0.9584","0.8129","1.1301"
"Nakhon Pathom","cumulative_Lag 7","1.0526","1.0217","1.0844"
"Nakhon Phanom","cumulative_Lag 7","1.0183","0.9828","1.055"
"Nakhon Ratchasima","cumulative_Lag 7","1.0485","1.0289","1.0685"
"Nakhon Sawan","cumulative_Lag 7","1.0488","1.0206","1.0778"
"Nakhon Si Thammarat","cumulative_Lag 7","1.0551","0.9971","1.1165"
"Nan","cumulative_Lag 7","0.9831","0.9629","1.0037"
"Narathiwat","cumulative_Lag 7","1.0192","0.9686","1.0725"
"Nong Khai","cumulative_Lag 7","1.0084","0.9821","1.0353"
"Pathum Thani","cumulative_Lag 7","1.0252","0.9965","1.0547"
"Phayao","cumulative_Lag 7","0.9824","0.9618","1.0034"
"Phetchabun","cumulative_Lag 7","1.0269","0.9612","1.0971"
"Phichit","cumulative_Lag 7","1.0491","0.9766","1.1269"
"Phitsanulok","cumulative_Lag 7","1.0341","1.0102","1.0586"
"Phra Nakhon Si Ayutthaya","cumulative_Lag 7","1.0135","0.983","1.0449"
"Phrae","cumulative_Lag 7","1.0329","1.006","1.0605"
"Phuket","cumulative_Lag 7","1.0264","0.9195","1.1457"
"Prachin Buri","cumulative_Lag 7","1.0327","0.9975","1.0693"
"Prachuap Khiri Khan","cumulative_Lag 7","1.0791","1.0126","1.1499"
"Ratchaburi","cumulative_Lag 7","1.0183","0.999","1.0381"
"Rayong","cumulative_Lag 7","1.0473","1.0099","1.086"
"Sa Kaeo","cumulative_Lag 7","1.029","0.9883","1.0714"
"Sakon Nakhon","cumulative_Lag 7","1.0124","0.9619","1.0655"
"Samut Prakan","cumulative_Lag 7","1.0168","0.9919","1.0422"
"Samut Songkhram","cumulative_Lag 7","1.0659","1.0098","1.1251"
"Satun","cumulative_Lag 7","1.0278","0.9448","1.1182"
"Songkhla","cumulative_Lag 7","1.0379","0.992","1.0859"
"Sukhothai","cumulative_Lag 7","1.0153","0.9792","1.0527"
"Suphan Buri","cumulative_Lag 7","1.0373","1.0019","1.0738"
"Surat Thani","cumulative_Lag 7","1.0492","0.9951","1.1063"
"Tak","cumulative_Lag 7","0.9953","0.964","1.0277"
"Trang","cumulative_Lag 7","0.9164","0.8021","1.0471"
"Trat","cumulative_Lag 7","1.0303","0.9383","1.1314"
"Ubon Ratchathani","cumulative_Lag 7","0.9977","0.98","1.0156"
"Udon Thani","cumulative_Lag 7","1.032","0.9956","1.0697"
"Uthai Thani","cumulative_Lag 7","1.0303","0.9568","1.1094"
"Uttaradit","cumulative_Lag 7","1.0248","0.9702","1.0826"
"Yala","cumulative_Lag 7","0.9598","0.9026","1.0205"
