"Province","cumulative_Lag","RR","Lower","Upper"
"Bangkok","cumulative_Lag 1","1.0175","0.997","1.0384"
"Buri Ram","cumulative_Lag 1","1.0124","0.9363","1.0948"
"Chachoengsao","cumulative_Lag 1","1.0774","1.0245","1.1331"
"Chanthaburi","cumulative_Lag 1","1.0203","0.8735","1.1919"
"Chiang Mai","cumulative_Lag 1","1.0084","0.9875","1.0298"
"Chiang Rai","cumulative_Lag 1","0.9872","0.9718","1.0029"
"Chon Buri","cumulative_Lag 1","1.0355","0.9964","1.0762"
"Kamphaeng Phet","cumulative_Lag 1","1.0198","0.9323","1.1156"
"Kanchanaburi","cumulative_Lag 1","1.0118","0.9714","1.0538"
"Khon Kaen","cumulative_Lag 1","1.0464","1.0191","1.0745"
"Lampang","cumulative_Lag 1","1.0054","0.9711","1.0409"
"Lamphun","cumulative_Lag 1","1.0145","0.9727","1.0581"
"Loei","cumulative_Lag 1","0.9939","0.9605","1.0284"
"Lop Buri","cumulative_Lag 1","1.1318","1.0487","1.2216"
"Mae Hong Son","cumulative_Lag 1","0.9413","0.9017","0.9827"
"Mukdahan","cumulative_Lag 1","1.0021","0.8185","1.2269"
"Nakhon Pathom","cumulative_Lag 1","1.0453","0.9987","1.0941"
"Nakhon Phanom","cumulative_Lag 1","1.0006","0.9599","1.0429"
"Nakhon Ratchasima","cumulative_Lag 1","1.0362","1.006","1.0672"
"Nakhon Sawan","cumulative_Lag 1","1.0233","0.9807","1.0678"
"Nakhon Si Thammarat","cumulative_Lag 1","1.0034","0.9107","1.1056"
"Nan","cumulative_Lag 1","1.0005","0.9686","1.0333"
"Narathiwat","cumulative_Lag 1","0.933","0.8671","1.0039"
"Nong Khai","cumulative_Lag 1","1.005","0.9696","1.0417"
"Pathum Thani","cumulative_Lag 1","0.9809","0.9379","1.026"
"Phayao","cumulative_Lag 1","0.9634","0.9271","1.0012"
"Phetchabun","cumulative_Lag 1","1.033","0.9391","1.1363"
"Phichit","cumulative_Lag 1","1.0656","0.9585","1.1847"
"Phitsanulok","cumulative_Lag 1","1.0395","1.0002","1.0803"
"Phra Nakhon Si Ayutthaya","cumulative_Lag 1","1.0015","0.9608","1.0439"
"Phrae","cumulative_Lag 1","1.0128","0.9783","1.0485"
"Phuket","cumulative_Lag 1","1.0269","0.8858","1.1905"
"Prachin Buri","cumulative_Lag 1","1.0266","0.9731","1.0831"
"Prachuap Khiri Khan","cumulative_Lag 1","1.0214","0.9111","1.1451"
"Ratchaburi","cumulative_Lag 1","1.03","0.9978","1.0633"
"Rayong","cumulative_Lag 1","1.0755","1.0177","1.1366"
"Sa Kaeo","cumulative_Lag 1","1.0132","0.9518","1.0785"
"Sakon Nakhon","cumulative_Lag 1","1.016","0.9484","1.0884"
"Samut Prakan","cumulative_Lag 1","0.9943","0.9557","1.0343"
"Samut Songkhram","cumulative_Lag 1","0.9778","0.8904","1.0737"
"Satun","cumulative_Lag 1","1.0248","0.9113","1.1524"
"Songkhla","cumulative_Lag 1","1.0333","0.9689","1.1019"
"Sukhothai","cumulative_Lag 1","1.0311","0.9732","1.0924"
"Suphan Buri","cumulative_Lag 1","0.9884","0.9356","1.0443"
"Surat Thani","cumulative_Lag 1","0.9982","0.9243","1.0782"
"Tak","cumulative_Lag 1","0.9814","0.9312","1.0343"
"Trang","cumulative_Lag 1","1.0106","0.812","1.2576"
"Trat","cumulative_Lag 1","1.105","0.9453","1.2916"
"Ubon Ratchathani","cumulative_Lag 1","1.0107","0.9881","1.0338"
"Udon Thani","cumulative_Lag 1","1.0421","0.9947","1.0919"
"Uthai Thani","cumulative_Lag 1","1.0185","0.9044","1.1469"
"Uttaradit","cumulative_Lag 1","1.0738","0.9749","1.1827"
"Yala","cumulative_Lag 1","1.0673","0.9834","1.1584"
