"Province","cumulative_Lag","RR","Lower","Upper"
"Bangkok","cumulative_Lag 5","1.0333","1.0094","1.0578"
"Buri Ram","cumulative_Lag 5","1.0768","0.9744","1.19"
"Chachoengsao","cumulative_Lag 5","1.0565","0.9939","1.123"
"Chanthaburi","cumulative_Lag 5","1.0539","0.8835","1.257"
"Chiang Mai","cumulative_Lag 5","1.013","0.9887","1.0379"
"Chiang Rai","cumulative_Lag 5","0.9882","0.9725","1.0042"
"Chon Buri","cumulative_Lag 5","1.0342","0.9887","1.0818"
"Kamphaeng Phet","cumulative_Lag 5","0.9499","0.8341","1.0818"
"Kanchanaburi","cumulative_Lag 5","1.0107","0.9652","1.0584"
"Khon Kaen","cumulative_Lag 5","1.0296","0.996","1.0643"
"Lampang","cumulative_Lag 5","1.0092","0.9684","1.0517"
"Lamphun","cumulative_Lag 5","0.9966","0.9495","1.046"
"Loei","cumulative_Lag 5","0.9734","0.9334","1.0152"
"Lop Buri","cumulative_Lag 5","1.0533","0.9531","1.164"
"Mae Hong Son","cumulative_Lag 5","1.0514","1.006","1.0988"
"Mukdahan","cumulative_Lag 5","0.9931","0.7554","1.3055"
"Nakhon Pathom","cumulative_Lag 5","1.0711","1.0168","1.1283"
"Nakhon Phanom","cumulative_Lag 5","0.995","0.9406","1.0526"
"Nakhon Ratchasima","cumulative_Lag 5","1.055","1.0191","1.0922"
"Nakhon Sawan","cumulative_Lag 5","1.0237","0.972","1.0782"
"Nakhon Si Thammarat","cumulative_Lag 5","0.9894","0.8818","1.1101"
"Nan","cumulative_Lag 5","1.0061","0.969","1.0445"
"Narathiwat","cumulative_Lag 5","1.0016","0.9181","1.0927"
"Nong Khai","cumulative_Lag 5","0.9864","0.9444","1.0302"
"Pathum Thani","cumulative_Lag 5","0.999","0.9485","1.0521"
"Phayao","cumulative_Lag 5","0.9955","0.9516","1.0416"
"Phetchabun","cumulative_Lag 5","1.0231","0.9013","1.1614"
"Phichit","cumulative_Lag 5","1.0065","0.8774","1.1545"
"Phitsanulok","cumulative_Lag 5","1.0357","0.9893","1.0844"
"Phra Nakhon Si Ayutthaya","cumulative_Lag 5","0.9901","0.942","1.0408"
"Phrae","cumulative_Lag 5","1.0119","0.9706","1.055"
"Phuket","cumulative_Lag 5","0.9491","0.7866","1.1451"
"Prachin Buri","cumulative_Lag 5","1.0105","0.9528","1.0718"
"Prachuap Khiri Khan","cumulative_Lag 5","1.1705","1.0238","1.3384"
"Ratchaburi","cumulative_Lag 5","1.0176","0.9834","1.053"
"Rayong","cumulative_Lag 5","1.0424","0.978","1.1111"
"Sa Kaeo","cumulative_Lag 5","1.0973","1.0278","1.1714"
"Sakon Nakhon","cumulative_Lag 5","1.0023","0.9218","1.0897"
"Samut Prakan","cumulative_Lag 5","0.9791","0.935","1.0253"
"Samut Songkhram","cumulative_Lag 5","1.0101","0.9077","1.1242"
"Satun","cumulative_Lag 5","1.0877","0.9426","1.2552"
"Songkhla","cumulative_Lag 5","1.0212","0.9433","1.1056"
"Sukhothai","cumulative_Lag 5","1.0346","0.9601","1.1148"
"Suphan Buri","cumulative_Lag 5","1.0172","0.9532","1.0855"
"Surat Thani","cumulative_Lag 5","1.0593","0.9625","1.1658"
"Tak","cumulative_Lag 5","0.99","0.9305","1.0534"
"Trang","cumulative_Lag 5","0.9933","0.7686","1.2837"
"Trat","cumulative_Lag 5","1.1911","1.0051","1.4115"
"Ubon Ratchathani","cumulative_Lag 5","0.9938","0.9659","1.0224"
"Udon Thani","cumulative_Lag 5","1.0082","0.9524","1.0672"
"Uthai Thani","cumulative_Lag 5","1.0621","0.9062","1.2449"
"Uttaradit","cumulative_Lag 5","0.958","0.8535","1.0754"
"Yala","cumulative_Lag 5","1.0467","0.9514","1.1514"
