"Province","cumulative_Lag","RR","Lower","Upper"
"Bangkok","cumulative_Lag 1","1.009","0.9975","1.0208"
"Buri Ram","cumulative_Lag 1","1.0035","0.9463","1.0642"
"Chachoengsao","cumulative_Lag 1","1.0138","0.9724","1.057"
"Chanthaburi","cumulative_Lag 1","0.9843","0.8762","1.1057"
"Chiang Mai","cumulative_Lag 1","1.0019","0.9892","1.0148"
"Chiang Rai","cumulative_Lag 1","1.0038","0.9923","1.0154"
"Chon Buri","cumulative_Lag 1","0.9898","0.9617","1.0187"
"Kamphaeng Phet","cumulative_Lag 1","0.9912","0.9319","1.0544"
"Kanchanaburi","cumulative_Lag 1","0.9886","0.9584","1.0197"
"Khon Kaen","cumulative_Lag 1","1.0151","0.9959","1.0347"
"Lampang","cumulative_Lag 1","1.0049","0.9847","1.0254"
"Lamphun","cumulative_Lag 1","0.987","0.9582","1.0166"
"Loei","cumulative_Lag 1","1.009","0.9818","1.0369"
"Lop Buri","cumulative_Lag 1","1.0231","0.9638","1.0861"
"Mae Hong Son","cumulative_Lag 1","0.9871","0.9581","1.0169"
"Mukdahan","cumulative_Lag 1","1.054","0.9203","1.2072"
"Nakhon Pathom","cumulative_Lag 1","1.009","0.978","1.0411"
"Nakhon Phanom","cumulative_Lag 1","1.0292","0.9918","1.068"
"Nakhon Ratchasima","cumulative_Lag 1","1.0211","1.0014","1.0413"
"Nakhon Sawan","cumulative_Lag 1","1.0757","1.0444","1.1079"
"Nakhon Si Thammarat","cumulative_Lag 1","1.0556","0.9904","1.1251"
"Nan","cumulative_Lag 1","1.0161","0.993","1.0397"
"Narathiwat","cumulative_Lag 1","0.9965","0.9457","1.05"
"Nong Khai","cumulative_Lag 1","1","0.9705","1.0304"
"Pathum Thani","cumulative_Lag 1","1.0018","0.9727","1.0318"
"Phayao","cumulative_Lag 1","0.9885","0.9675","1.01"
"Phetchabun","cumulative_Lag 1","1.0231","0.952","1.0996"
"Phichit","cumulative_Lag 1","1.0153","0.9358","1.1017"
"Phitsanulok","cumulative_Lag 1","1.0305","1.0022","1.0596"
"Phra Nakhon Si Ayutthaya","cumulative_Lag 1","1.0189","0.9877","1.0511"
"Phrae","cumulative_Lag 1","1.026","0.9944","1.0585"
"Phuket","cumulative_Lag 1","1.0184","0.9115","1.1379"
"Prachin Buri","cumulative_Lag 1","1.0094","0.9652","1.0556"
"Prachuap Khiri Khan","cumulative_Lag 1","1.0365","0.9596","1.1196"
"Ratchaburi","cumulative_Lag 1","1.0072","0.9838","1.0311"
"Rayong","cumulative_Lag 1","1.0197","0.9809","1.0601"
"Sa Kaeo","cumulative_Lag 1","0.948","0.8955","1.0036"
"Sakon Nakhon","cumulative_Lag 1","0.9848","0.9374","1.0346"
"Samut Prakan","cumulative_Lag 1","0.9905","0.9675","1.0139"
"Samut Songkhram","cumulative_Lag 1","1.061","0.9893","1.138"
"Satun","cumulative_Lag 1","1.0364","0.9481","1.133"
"Songkhla","cumulative_Lag 1","1.0137","0.9737","1.0554"
"Sukhothai","cumulative_Lag 1","0.9998","0.9575","1.0439"
"Suphan Buri","cumulative_Lag 1","1.0522","1.0088","1.0974"
"Surat Thani","cumulative_Lag 1","1.0089","0.9569","1.0636"
"Tak","cumulative_Lag 1","0.9998","0.9638","1.0371"
"Trang","cumulative_Lag 1","1.0725","0.9195","1.2509"
"Trat","cumulative_Lag 1","1.0174","0.896","1.1553"
"Ubon Ratchathani","cumulative_Lag 1","1.0117","0.9946","1.0291"
"Udon Thani","cumulative_Lag 1","1.0148","0.9766","1.0545"
"Uthai Thani","cumulative_Lag 1","0.9382","0.8572","1.0267"
"Uttaradit","cumulative_Lag 1","1.0443","0.9795","1.1133"
"Yala","cumulative_Lag 1","0.9864","0.9231","1.0541"
