"Province","cumulative_Lag","RR","Lower","Upper"
"Bangkok","cumulative_Lag 4","1.011","0.9985","1.0236"
"Buri Ram","cumulative_Lag 4","1.0364","0.9638","1.1144"
"Chachoengsao","cumulative_Lag 4","1.0055","0.9587","1.0546"
"Chanthaburi","cumulative_Lag 4","1.1151","0.9876","1.259"
"Chiang Mai","cumulative_Lag 4","0.9964","0.9824","1.0106"
"Chiang Rai","cumulative_Lag 4","0.9939","0.9829","1.0051"
"Chon Buri","cumulative_Lag 4","1.0394","1.0068","1.0731"
"Kamphaeng Phet","cumulative_Lag 4","1.056","0.9739","1.1451"
"Kanchanaburi","cumulative_Lag 4","1.0099","0.9777","1.0432"
"Khon Kaen","cumulative_Lag 4","1.0144","0.9924","1.0369"
"Lampang","cumulative_Lag 4","1.0111","0.9894","1.0332"
"Lamphun","cumulative_Lag 4","0.9868","0.9547","1.0199"
"Loei","cumulative_Lag 4","1","0.9703","1.0306"
"Lop Buri","cumulative_Lag 4","1.0085","0.9396","1.0826"
"Mae Hong Son","cumulative_Lag 4","0.9838","0.9548","1.0137"
"Mukdahan","cumulative_Lag 4","0.9313","0.7756","1.1182"
"Nakhon Pathom","cumulative_Lag 4","1.0452","1.0108","1.0808"
"Nakhon Phanom","cumulative_Lag 4","1.0055","0.96","1.0533"
"Nakhon Ratchasima","cumulative_Lag 4","1.0219","1.0007","1.0436"
"Nakhon Sawan","cumulative_Lag 4","1.0714","1.0361","1.1078"
"Nakhon Si Thammarat","cumulative_Lag 4","1.024","0.9537","1.0994"
"Nan","cumulative_Lag 4","1.0016","0.9755","1.0284"
"Narathiwat","cumulative_Lag 4","1.0136","0.9561","1.0746"
"Nong Khai","cumulative_Lag 4","1.0087","0.9745","1.044"
"Pathum Thani","cumulative_Lag 4","1.0285","0.9965","1.0615"
"Phayao","cumulative_Lag 4","0.9851","0.9618","1.009"
"Phetchabun","cumulative_Lag 4","1.0331","0.9411","1.1341"
"Phichit","cumulative_Lag 4","1.0418","0.9433","1.1506"
"Phitsanulok","cumulative_Lag 4","1.0335","1.0013","1.0668"
"Phra Nakhon Si Ayutthaya","cumulative_Lag 4","1.0163","0.9826","1.0512"
"Phrae","cumulative_Lag 4","1.0151","0.9806","1.0509"
"Phuket","cumulative_Lag 4","0.9933","0.8747","1.128"
"Prachin Buri","cumulative_Lag 4","0.9961","0.9506","1.0438"
"Prachuap Khiri Khan","cumulative_Lag 4","0.9787","0.8991","1.0655"
"Ratchaburi","cumulative_Lag 4","1.0196","0.9962","1.0436"
"Rayong","cumulative_Lag 4","1.0002","0.9591","1.0431"
"Sa Kaeo","cumulative_Lag 4","1.0154","0.9592","1.0749"
"Sakon Nakhon","cumulative_Lag 4","0.9759","0.9245","1.0302"
"Samut Prakan","cumulative_Lag 4","1.0075","0.9817","1.0341"
"Samut Songkhram","cumulative_Lag 4","1.1078","1.0279","1.1939"
"Satun","cumulative_Lag 4","1.0589","0.9569","1.1717"
"Songkhla","cumulative_Lag 4","1.0209","0.9765","1.0673"
"Sukhothai","cumulative_Lag 4","0.9724","0.9189","1.029"
"Suphan Buri","cumulative_Lag 4","1.0201","0.9727","1.0698"
"Surat Thani","cumulative_Lag 4","1.008","0.9488","1.0709"
"Tak","cumulative_Lag 4","0.9812","0.9422","1.0218"
"Trang","cumulative_Lag 4","1.0849","0.9106","1.2926"
"Trat","cumulative_Lag 4","1.0121","0.8922","1.1481"
"Ubon Ratchathani","cumulative_Lag 4","0.9844","0.9648","1.0044"
"Udon Thani","cumulative_Lag 4","1.0009","0.9598","1.0438"
"Uthai Thani","cumulative_Lag 4","0.9644","0.869","1.0702"
"Uttaradit","cumulative_Lag 4","1.0075","0.9436","1.0757"
"Yala","cumulative_Lag 4","0.9657","0.8981","1.0384"
