"Province","cumulative_Lag","RR","Lower","Upper"
"Bangkok","cumulative_Lag 5","1.0104","0.997","1.024"
"Buri Ram","cumulative_Lag 5","1.0511","0.9728","1.1357"
"Chachoengsao","cumulative_Lag 5","0.9997","0.9501","1.052"
"Chanthaburi","cumulative_Lag 5","1.1342","0.9975","1.2897"
"Chiang Mai","cumulative_Lag 5","0.995","0.9803","1.0099"
"Chiang Rai","cumulative_Lag 5","0.9919","0.9804","1.0035"
"Chon Buri","cumulative_Lag 5","1.0495","1.0143","1.086"
"Kamphaeng Phet","cumulative_Lag 5","1.0692","0.9791","1.1676"
"Kanchanaburi","cumulative_Lag 5","1.0147","0.9801","1.0504"
"Khon Kaen","cumulative_Lag 5","1.0121","0.9886","1.0362"
"Lampang","cumulative_Lag 5","1.0114","0.9883","1.035"
"Lamphun","cumulative_Lag 5","0.9873","0.9529","1.0229"
"Loei","cumulative_Lag 5","1.0009","0.9689","1.034"
"Lop Buri","cumulative_Lag 5","1.0041","0.9301","1.0841"
"Mae Hong Son","cumulative_Lag 5","0.9905","0.9599","1.0222"
"Mukdahan","cumulative_Lag 5","0.9055","0.7448","1.1009"
"Nakhon Pathom","cumulative_Lag 5","1.0506","1.0139","1.0886"
"Nakhon Phanom","cumulative_Lag 5","0.9974","0.9486","1.0487"
"Nakhon Ratchasima","cumulative_Lag 5","1.0208","0.9981","1.044"
"Nakhon Sawan","cumulative_Lag 5","1.0618","1.0244","1.1006"
"Nakhon Si Thammarat","cumulative_Lag 5","1.0095","0.9361","1.0886"
"Nan","cumulative_Lag 5","0.9948","0.967","1.0235"
"Narathiwat","cumulative_Lag 5","1.0145","0.9532","1.0798"
"Nong Khai","cumulative_Lag 5","1.0095","0.9732","1.0472"
"Pathum Thani","cumulative_Lag 5","1.0333","0.9992","1.0686"
"Phayao","cumulative_Lag 5","0.9856","0.9608","1.011"
"Phetchabun","cumulative_Lag 5","1.0317","0.934","1.1396"
"Phichit","cumulative_Lag 5","1.0543","0.9472","1.1734"
"Phitsanulok","cumulative_Lag 5","1.0277","0.9932","1.0634"
"Phra Nakhon Si Ayutthaya","cumulative_Lag 5","1.0119","0.9764","1.0487"
"Phrae","cumulative_Lag 5","1.0141","0.9774","1.0523"
"Phuket","cumulative_Lag 5","0.9849","0.8592","1.1289"
"Prachin Buri","cumulative_Lag 5","0.9988","0.9501","1.0499"
"Prachuap Khiri Khan","cumulative_Lag 5","0.9691","0.8855","1.0605"
"Ratchaburi","cumulative_Lag 5","1.0193","0.9943","1.045"
"Rayong","cumulative_Lag 5","0.9973","0.9537","1.0428"
"Sa Kaeo","cumulative_Lag 5","1.0335","0.9726","1.0983"
"Sakon Nakhon","cumulative_Lag 5","0.9788","0.9234","1.0374"
"Samut Prakan","cumulative_Lag 5","1.0142","0.9863","1.0429"
"Samut Songkhram","cumulative_Lag 5","1.1058","1.0202","1.1985"
"Satun","cumulative_Lag 5","1.0592","0.9503","1.1805"
"Songkhla","cumulative_Lag 5","1.0251","0.9769","1.0756"
"Sukhothai","cumulative_Lag 5","0.9688","0.9121","1.029"
"Suphan Buri","cumulative_Lag 5","1.008","0.9586","1.0599"
"Surat Thani","cumulative_Lag 5","1.007","0.9433","1.0749"
"Tak","cumulative_Lag 5","0.9807","0.939","1.0241"
"Trang","cumulative_Lag 5","1.0711","0.8892","1.2901"
"Trat","cumulative_Lag 5","1.0063","0.8768","1.1548"
"Ubon Ratchathani","cumulative_Lag 5","0.9763","0.9553","0.9978"
"Udon Thani","cumulative_Lag 5","0.9965","0.9525","1.0426"
"Uthai Thani","cumulative_Lag 5","0.9702","0.8684","1.0838"
"Uttaradit","cumulative_Lag 5","1.0049","0.9362","1.0786"
"Yala","cumulative_Lag 5","0.9534","0.882","1.0306"
