"Province","cumulative_Lag","RR","Lower","Upper"
"Bangkok","cumulative_Lag 7","1.01","0.9938","1.0265"
"Buri Ram","cumulative_Lag 7","1.0812","0.999","1.1702"
"Chachoengsao","cumulative_Lag 7","0.9898","0.9338","1.0492"
"Chanthaburi","cumulative_Lag 7","1.0402","0.9163","1.1808"
"Chiang Mai","cumulative_Lag 7","0.9964","0.9806","1.0123"
"Chiang Rai","cumulative_Lag 7","0.9967","0.9848","1.0087"
"Chon Buri","cumulative_Lag 7","1.0269","0.9861","1.0694"
"Kamphaeng Phet","cumulative_Lag 7","1.0415","0.9472","1.1452"
"Kanchanaburi","cumulative_Lag 7","1.0037","0.9648","1.0442"
"Khon Kaen","cumulative_Lag 7","1.0097","0.9815","1.0388"
"Lampang","cumulative_Lag 7","1.0075","0.9809","1.0349"
"Lamphun","cumulative_Lag 7","0.9834","0.9449","1.0235"
"Loei","cumulative_Lag 7","1.0219","0.9824","1.0631"
"Lop Buri","cumulative_Lag 7","1.0136","0.9286","1.1063"
"Mae Hong Son","cumulative_Lag 7","1.0207","0.9878","1.0548"
"Mukdahan","cumulative_Lag 7","0.9535","0.7655","1.1876"
"Nakhon Pathom","cumulative_Lag 7","1.0341","0.9915","1.0785"
"Nakhon Phanom","cumulative_Lag 7","1.0033","0.946","1.064"
"Nakhon Ratchasima","cumulative_Lag 7","1.0255","0.9995","1.0523"
"Nakhon Sawan","cumulative_Lag 7","1.0622","1.0199","1.1064"
"Nakhon Si Thammarat","cumulative_Lag 7","1.0083","0.9279","1.0956"
"Nan","cumulative_Lag 7","0.989","0.9582","1.0209"
"Narathiwat","cumulative_Lag 7","0.9947","0.927","1.0675"
"Nong Khai","cumulative_Lag 7","1.0025","0.9606","1.0463"
"Pathum Thani","cumulative_Lag 7","1.0226","0.9832","1.0637"
"Phayao","cumulative_Lag 7","0.9864","0.9589","1.0148"
"Phetchabun","cumulative_Lag 7","1.0244","0.9225","1.1376"
"Phichit","cumulative_Lag 7","1.0886","0.9692","1.2227"
"Phitsanulok","cumulative_Lag 7","1.0122","0.9755","1.0502"
"Phra Nakhon Si Ayutthaya","cumulative_Lag 7","1.0039","0.9623","1.0474"
"Phrae","cumulative_Lag 7","1.0372","0.9928","1.0836"
"Phuket","cumulative_Lag 7","0.9853","0.8384","1.158"
"Prachin Buri","cumulative_Lag 7","1.034","0.9763","1.0951"
"Prachuap Khiri Khan","cumulative_Lag 7","1.0133","0.9247","1.1102"
"Ratchaburi","cumulative_Lag 7","1.0058","0.977","1.0354"
"Rayong","cumulative_Lag 7","1.0184","0.966","1.0735"
"Sa Kaeo","cumulative_Lag 7","1.002","0.9346","1.0742"
"Sakon Nakhon","cumulative_Lag 7","0.996","0.928","1.069"
"Samut Prakan","cumulative_Lag 7","1.0192","0.9858","1.0537"
"Samut Songkhram","cumulative_Lag 7","1.0696","0.9759","1.1723"
"Satun","cumulative_Lag 7","1.0515","0.925","1.1954"
"Songkhla","cumulative_Lag 7","1.0437","0.981","1.1103"
"Sukhothai","cumulative_Lag 7","0.9858","0.9311","1.0438"
"Suphan Buri","cumulative_Lag 7","1.0169","0.9639","1.0728"
"Surat Thani","cumulative_Lag 7","1.0075","0.9311","1.0903"
"Tak","cumulative_Lag 7","1.0019","0.9549","1.0512"
"Trang","cumulative_Lag 7","1.0295","0.8367","1.2667"
"Trat","cumulative_Lag 7","0.9943","0.8623","1.1465"
"Ubon Ratchathani","cumulative_Lag 7","0.9777","0.9524","1.0036"
"Udon Thani","cumulative_Lag 7","1.0008","0.9487","1.0557"
"Uthai Thani","cumulative_Lag 7","0.9321","0.828","1.0494"
"Uttaradit","cumulative_Lag 7","1.0627","0.9818","1.1503"
"Yala","cumulative_Lag 7","0.9147","0.833","1.0044"
