"Province","cumulative_Lag","RR","Lower","Upper"
"Bangkok","cumulative_Lag 6","1.01","0.9961","1.0241"
"Buri Ram","cumulative_Lag 6","1.0662","0.9884","1.1501"
"Chachoengsao","cumulative_Lag 6","0.9944","0.9444","1.0469"
"Chanthaburi","cumulative_Lag 6","1.1106","0.9848","1.2526"
"Chiang Mai","cumulative_Lag 6","0.9949","0.9806","1.0094"
"Chiang Rai","cumulative_Lag 6","0.9926","0.982","1.0034"
"Chon Buri","cumulative_Lag 6","1.0461","1.0101","1.0834"
"Kamphaeng Phet","cumulative_Lag 6","1.0653","0.9747","1.1644"
"Kanchanaburi","cumulative_Lag 6","1.013","0.9786","1.0486"
"Khon Kaen","cumulative_Lag 6","1.0104","0.986","1.0354"
"Lampang","cumulative_Lag 6","1.0102","0.987","1.034"
"Lamphun","cumulative_Lag 6","0.9863","0.9518","1.022"
"Loei","cumulative_Lag 6","1.0079","0.9746","1.0423"
"Lop Buri","cumulative_Lag 6","1.0054","0.9298","1.087"
"Mae Hong Son","cumulative_Lag 6","1.0026","0.9732","1.033"
"Mukdahan","cumulative_Lag 6","0.9106","0.7452","1.1127"
"Nakhon Pathom","cumulative_Lag 6","1.0473","1.0102","1.0856"
"Nakhon Phanom","cumulative_Lag 6","0.9961","0.9454","1.0495"
"Nakhon Ratchasima","cumulative_Lag 6","1.0218","0.999","1.0451"
"Nakhon Sawan","cumulative_Lag 6","1.058","1.0204","1.097"
"Nakhon Si Thammarat","cumulative_Lag 6","1.0034","0.9312","1.0813"
"Nan","cumulative_Lag 6","0.9904","0.9629","1.0186"
"Narathiwat","cumulative_Lag 6","1.0085","0.9472","1.0738"
"Nong Khai","cumulative_Lag 6","1.0076","0.9707","1.0459"
"Pathum Thani","cumulative_Lag 6","1.0317","0.9973","1.0673"
"Phayao","cumulative_Lag 6","0.9861","0.9615","1.0113"
"Phetchabun","cumulative_Lag 6","1.0287","0.9322","1.1352"
"Phichit","cumulative_Lag 6","1.0697","0.9606","1.1911"
"Phitsanulok","cumulative_Lag 6","1.0204","0.9866","1.0554"
"Phra Nakhon Si Ayutthaya","cumulative_Lag 6","1.0076","0.9716","1.045"
"Phrae","cumulative_Lag 6","1.0209","0.983","1.0603"
"Phuket","cumulative_Lag 6","0.9818","0.8534","1.1295"
"Prachin Buri","cumulative_Lag 6","1.0108","0.9614","1.0627"
"Prachuap Khiri Khan","cumulative_Lag 6","0.979","0.8981","1.0672"
"Ratchaburi","cumulative_Lag 6","1.0149","0.9899","1.0404"
"Rayong","cumulative_Lag 6","1.0027","0.958","1.0495"
"Sa Kaeo","cumulative_Lag 6","1.0305","0.9702","1.0945"
"Sakon Nakhon","cumulative_Lag 6","0.9854","0.9278","1.0465"
"Samut Prakan","cumulative_Lag 6","1.0184","0.9895","1.0481"
"Samut Songkhram","cumulative_Lag 6","1.0931","1.0083","1.185"
"Satun","cumulative_Lag 6","1.0567","0.9457","1.1807"
"Songkhla","cumulative_Lag 6","1.0325","0.981","1.0867"
"Sukhothai","cumulative_Lag 6","0.9728","0.9183","1.0305"
"Suphan Buri","cumulative_Lag 6","1.006","0.9576","1.0568"
"Surat Thani","cumulative_Lag 6","1.0067","0.9405","1.0776"
"Tak","cumulative_Lag 6","0.9871","0.9452","1.031"
"Trang","cumulative_Lag 6","1.0522","0.8736","1.2675"
"Trat","cumulative_Lag 6","1.0002","0.8772","1.1404"
"Ubon Ratchathani","cumulative_Lag 6","0.9737","0.9519","0.996"
"Udon Thani","cumulative_Lag 6","0.9962","0.9511","1.0434"
"Uthai Thani","cumulative_Lag 6","0.9604","0.8608","1.0714"
"Uttaradit","cumulative_Lag 6","1.0216","0.9526","1.0957"
"Yala","cumulative_Lag 6","0.9365","0.8643","1.0148"
