"Province","cumulative_Lag","RR","Lower","Upper"
"Bangkok","cumulative_Lag 3","1.0113","0.9995","1.0233"
"Buri Ram","cumulative_Lag 3","1.0228","0.9573","1.0928"
"Chachoengsao","cumulative_Lag 3","1.0107","0.9668","1.0567"
"Chanthaburi","cumulative_Lag 3","1.0691","0.9543","1.1977"
"Chiang Mai","cumulative_Lag 3","0.9986","0.9853","1.012"
"Chiang Rai","cumulative_Lag 3","0.9977","0.9869","1.0085"
"Chon Buri","cumulative_Lag 3","1.0212","0.991","1.0523"
"Kamphaeng Phet","cumulative_Lag 3","1.0325","0.9605","1.1098"
"Kanchanaburi","cumulative_Lag 3","1.0014","0.9711","1.0326"
"Khon Kaen","cumulative_Lag 3","1.0165","0.9957","1.0378"
"Lampang","cumulative_Lag 3","1.0096","0.989","1.0305"
"Lamphun","cumulative_Lag 3","0.9856","0.9558","1.0164"
"Loei","cumulative_Lag 3","1.003","0.975","1.0317"
"Lop Buri","cumulative_Lag 3","1.0159","0.952","1.0841"
"Mae Hong Son","cumulative_Lag 3","0.9817","0.9541","1.0101"
"Mukdahan","cumulative_Lag 3","0.9771","0.8266","1.1551"
"Nakhon Pathom","cumulative_Lag 3","1.0338","1.0014","1.0673"
"Nakhon Phanom","cumulative_Lag 3","1.0171","0.9746","1.0614"
"Nakhon Ratchasima","cumulative_Lag 3","1.0237","1.0038","1.0441"
"Nakhon Sawan","cumulative_Lag 3","1.0818","1.0486","1.116"
"Nakhon Si Thammarat","cumulative_Lag 3","1.0418","0.9746","1.1137"
"Nan","cumulative_Lag 3","1.009","0.985","1.0337"
"Narathiwat","cumulative_Lag 3","1.0082","0.9544","1.065"
"Nong Khai","cumulative_Lag 3","1.0059","0.9739","1.0391"
"Pathum Thani","cumulative_Lag 3","1.0195","0.9893","1.0506"
"Phayao","cumulative_Lag 3","0.985","0.9632","1.0073"
"Phetchabun","cumulative_Lag 3","1.0325","0.9488","1.1237"
"Phichit","cumulative_Lag 3","1.0317","0.9425","1.1294"
"Phitsanulok","cumulative_Lag 3","1.0369","1.0073","1.0674"
"Phra Nakhon Si Ayutthaya","cumulative_Lag 3","1.0199","0.9876","1.0533"
"Phrae","cumulative_Lag 3","1.0206","0.9877","1.0545"
"Phuket","cumulative_Lag 3","1.0045","0.8921","1.1309"
"Prachin Buri","cumulative_Lag 3","0.9998","0.9565","1.0451"
"Prachuap Khiri Khan","cumulative_Lag 3","1.0008","0.9249","1.0828"
"Ratchaburi","cumulative_Lag 3","1.0167","0.9942","1.0397"
"Rayong","cumulative_Lag 3","1.0082","0.9687","1.0493"
"Sa Kaeo","cumulative_Lag 3","0.9861","0.9339","1.0413"
"Sakon Nakhon","cumulative_Lag 3","0.9764","0.9279","1.0275"
"Samut Prakan","cumulative_Lag 3","0.9999","0.9757","1.0246"
"Samut Songkhram","cumulative_Lag 3","1.1","1.0256","1.1798"
"Satun","cumulative_Lag 3","1.0553","0.9599","1.1601"
"Songkhla","cumulative_Lag 3","1.0187","0.9767","1.0624"
"Sukhothai","cumulative_Lag 3","0.9812","0.9329","1.0321"
"Suphan Buri","cumulative_Lag 3","1.0371","0.9918","1.0845"
"Surat Thani","cumulative_Lag 3","1.0093","0.9538","1.068"
"Tak","cumulative_Lag 3","0.9866","0.9498","1.0249"
"Trang","cumulative_Lag 3","1.0916","0.9264","1.2862"
"Trat","cumulative_Lag 3","1.0168","0.9059","1.1412"
"Ubon Ratchathani","cumulative_Lag 3","0.9955","0.9772","1.0142"
"Udon Thani","cumulative_Lag 3","1.0074","0.9685","1.0479"
"Uthai Thani","cumulative_Lag 3","0.9502","0.8626","1.0467"
"Uttaradit","cumulative_Lag 3","1.0222","0.9616","1.0867"
"Yala","cumulative_Lag 3","0.9743","0.9098","1.0434"
