"Province","cumulative_Lag","RR","Lower","Upper"
"Bangkok","cumulative_Lag 2","1.0109","0.9987","1.0232"
"Buri Ram","cumulative_Lag 2","1.0115","0.9491","1.078"
"Chachoengsao","cumulative_Lag 2","1.014","0.97","1.06"
"Chanthaburi","cumulative_Lag 2","1.019","0.9053","1.147"
"Chiang Mai","cumulative_Lag 2","1.0007","0.9873","1.0142"
"Chiang Rai","cumulative_Lag 2","1.0015","0.9899","1.0132"
"Chon Buri","cumulative_Lag 2","1.0023","0.9723","1.0332"
"Kamphaeng Phet","cumulative_Lag 2","1.008","0.9418","1.0788"
"Kanchanaburi","cumulative_Lag 2","0.9931","0.9619","1.0253"
"Khon Kaen","cumulative_Lag 2","1.0172","0.9965","1.0384"
"Lampang","cumulative_Lag 2","1.0074","0.9863","1.0289"
"Lamphun","cumulative_Lag 2","0.9853","0.9552","1.0163"
"Loei","cumulative_Lag 2","1.007","0.9784","1.0363"
"Lop Buri","cumulative_Lag 2","1.0221","0.9589","1.0895"
"Mae Hong Son","cumulative_Lag 2","0.9831","0.9539","1.0133"
"Mukdahan","cumulative_Lag 2","1.0252","0.8777","1.1974"
"Nakhon Pathom","cumulative_Lag 2","1.0205","0.9877","1.0545"
"Nakhon Phanom","cumulative_Lag 2","1.0268","0.9856","1.0697"
"Nakhon Ratchasima","cumulative_Lag 2","1.0242","1.0037","1.0451"
"Nakhon Sawan","cumulative_Lag 2","1.0857","1.0523","1.1201"
"Nakhon Si Thammarat","cumulative_Lag 2","1.0551","0.9865","1.1285"
"Nan","cumulative_Lag 2","1.0147","0.9906","1.0394"
"Narathiwat","cumulative_Lag 2","1.0014","0.9475","1.0583"
"Nong Khai","cumulative_Lag 2","1.0026","0.9709","1.0354"
"Pathum Thani","cumulative_Lag 2","1.0095","0.9789","1.0411"
"Phayao","cumulative_Lag 2","0.986","0.964","1.0085"
"Phetchabun","cumulative_Lag 2","1.0294","0.9504","1.1149"
"Phichit","cumulative_Lag 2","1.0232","0.9371","1.1172"
"Phitsanulok","cumulative_Lag 2","1.0364","1.0067","1.0669"
"Phra Nakhon Si Ayutthaya","cumulative_Lag 2","1.0212","0.9883","1.0553"
"Phrae","cumulative_Lag 2","1.0258","0.9924","1.0603"
"Phuket","cumulative_Lag 2","1.0142","0.9011","1.1415"
"Prachin Buri","cumulative_Lag 2","1.0057","0.9604","1.0531"
"Prachuap Khiri Khan","cumulative_Lag 2","1.024","0.9453","1.1094"
"Ratchaburi","cumulative_Lag 2","1.0121","0.9882","1.0365"
"Rayong","cumulative_Lag 2","1.0164","0.9757","1.0588"
"Sa Kaeo","cumulative_Lag 2","0.9595","0.9056","1.0166"
"Sakon Nakhon","cumulative_Lag 2","0.9795","0.93","1.0317"
"Samut Prakan","cumulative_Lag 2","0.9934","0.9691","1.0183"
"Samut Songkhram","cumulative_Lag 2","1.0838","1.0083","1.165"
"Satun","cumulative_Lag 2","1.048","0.9533","1.1521"
"Songkhla","cumulative_Lag 2","1.0168","0.9744","1.0611"
"Sukhothai","cumulative_Lag 2","0.9916","0.9457","1.0397"
"Suphan Buri","cumulative_Lag 2","1.0506","1.0047","1.0987"
"Surat Thani","cumulative_Lag 2","1.0099","0.9545","1.0685"
"Tak","cumulative_Lag 2","0.9939","0.9563","1.033"
"Trang","cumulative_Lag 2","1.0883","0.9238","1.2821"
"Trat","cumulative_Lag 2","1.019","0.8997","1.154"
"Ubon Ratchathani","cumulative_Lag 2","1.0059","0.9877","1.0246"
"Udon Thani","cumulative_Lag 2","1.013","0.9731","1.0545"
"Uthai Thani","cumulative_Lag 2","0.9382","0.8522","1.0328"
"Uttaradit","cumulative_Lag 2","1.0383","0.9734","1.1075"
"Yala","cumulative_Lag 2","0.9806","0.9146","1.0515"
