"Province","cumulative_Lag","RR","Lower","Upper"
"Bangkok","cumulative_Lag 0","1.0055","0.9975","1.0135"
"Buri Ram","cumulative_Lag 0","0.9996","0.9606","1.0402"
"Chachoengsao","cumulative_Lag 0","1.0093","0.981","1.0384"
"Chanthaburi","cumulative_Lag 0","0.976","0.8996","1.0589"
"Chiang Mai","cumulative_Lag 0","1.0018","0.9931","1.0106"
"Chiang Rai","cumulative_Lag 0","1.0035","0.9954","1.0116"
"Chon Buri","cumulative_Lag 0","0.9883","0.969","1.0079"
"Kamphaeng Phet","cumulative_Lag 0","0.9876","0.9473","1.0297"
"Kanchanaburi","cumulative_Lag 0","0.9904","0.9693","1.012"
"Khon Kaen","cumulative_Lag 0","1.0095","0.9966","1.0226"
"Lampang","cumulative_Lag 0","1.0024","0.9885","1.0164"
"Lamphun","cumulative_Lag 0","0.9917","0.9717","1.0122"
"Loei","cumulative_Lag 0","1.007","0.9883","1.0261"
"Lop Buri","cumulative_Lag 0","1.0161","0.9756","1.0584"
"Mae Hong Son","cumulative_Lag 0","0.9928","0.9723","1.0137"
"Mukdahan","cumulative_Lag 0","1.0477","0.959","1.1447"
"Nakhon Pathom","cumulative_Lag 0","1.0018","0.9805","1.0236"
"Nakhon Phanom","cumulative_Lag 0","1.0208","0.9959","1.0463"
"Nakhon Ratchasima","cumulative_Lag 0","1.0133","0.9997","1.0271"
"Nakhon Sawan","cumulative_Lag 0","1.0474","1.0265","1.0688"
"Nakhon Si Thammarat","cumulative_Lag 0","1.0377","0.9933","1.0841"
"Nan","cumulative_Lag 0","1.0114","0.9954","1.0276"
"Narathiwat","cumulative_Lag 0","0.9957","0.9606","1.032"
"Nong Khai","cumulative_Lag 0","0.999","0.979","1.0195"
"Pathum Thani","cumulative_Lag 0","0.9983","0.9782","1.0187"
"Phayao","cumulative_Lag 0","0.9931","0.9786","1.0079"
"Phetchabun","cumulative_Lag 0","1.0133","0.9655","1.0635"
"Phichit","cumulative_Lag 0","1.0077","0.9533","1.0652"
"Phitsanulok","cumulative_Lag 0","1.0185","0.999","1.0384"
"Phra Nakhon Si Ayutthaya","cumulative_Lag 0","1.0119","0.9907","1.0337"
"Phrae","cumulative_Lag 0","1.0178","0.9964","1.0397"
"Phuket","cumulative_Lag 0","1.0141","0.9402","1.0937"
"Prachin Buri","cumulative_Lag 0","1.008","0.9771","1.0398"
"Prachuap Khiri Khan","cumulative_Lag 0","1.0297","0.976","1.0863"
"Ratchaburi","cumulative_Lag 0","1.003","0.9867","1.0196"
"Rayong","cumulative_Lag 0","1.0148","0.9882","1.0421"
"Sa Kaeo","cumulative_Lag 0","0.9597","0.9222","0.9987"
"Sakon Nakhon","cumulative_Lag 0","0.9916","0.9586","1.0258"
"Samut Prakan","cumulative_Lag 0","0.9924","0.9766","1.0084"
"Samut Songkhram","cumulative_Lag 0","1.0328","0.9837","1.0843"
"Satun","cumulative_Lag 0","1.0204","0.9602","1.0844"
"Songkhla","cumulative_Lag 0","1.0083","0.9809","1.0364"
"Sukhothai","cumulative_Lag 0","1.003","0.974","1.0328"
"Suphan Buri","cumulative_Lag 0","1.0359","1.0066","1.0661"
"Surat Thani","cumulative_Lag 0","1.0057","0.9702","1.0425"
"Tak","cumulative_Lag 0","1.0022","0.9773","1.0277"
"Trang","cumulative_Lag 0","1.043","0.9391","1.1584"
"Trat","cumulative_Lag 0","1.0112","0.9233","1.1075"
"Ubon Ratchathani","cumulative_Lag 0","1.0102","0.9985","1.0219"
"Udon Thani","cumulative_Lag 0","1.0108","0.9844","1.0379"
"Uthai Thani","cumulative_Lag 0","0.9572","0.8999","1.018"
"Uttaradit","cumulative_Lag 0","1.0326","0.9871","1.0801"
"Yala","cumulative_Lag 0","0.9927","0.9485","1.0388"
