"region","prov_name"
"North","Chiang Mai, Chiang Rai, Lampang, Lamphun, Mae Hong Son, Nan, Phayao, Phrae, Uttaradit"
"Northeast","Buri Ram, Khon Kaen, Loei, Mukdahan, Nakhon Phanom, Nakhon Ratchasima, Nong Khai, Sakon Nakhon, Ubon Ratchathani, Udon Thani"
"West","Kanchanaburi, Prachuap Khiri Khan, Ratchaburi, Tak"
"Central","Bangkok, Kamphaeng Phet, Lop Buri, Nakhon Pathom, Nakhon Sawan, Nonthaburi, Pathum Thani, Phetchabun, Phichit, Phitsanulok, Phra Nakhon Si Ayutthaya, Samut Prakan, Samut Sakhon, Samut Songkhram, Saraburi, Sukhothai, Suphan Buri, Uthai Thani"
"East","Chachoengsao, Chanthaburi, Chon Buri, Prachin Buri, Rayong, Sa Kaeo, Trat"
"South","Nakhon Si Thammarat, Narathiwat, Phuket, Satun, Songkhla, Surat Thani, Trang, Yala"
