"Province","cumulative_Lag","RR","Lower","Upper"
"Bangkok","cumulative_Lag 2","1.042","1.0228","1.0616"
"Buri Ram","cumulative_Lag 2","0.9771","0.9052","1.0546"
"Chachoengsao","cumulative_Lag 2","1.0293","0.9816","1.0793"
"Chanthaburi","cumulative_Lag 2","1.0211","0.8929","1.1677"
"Chiang Mai","cumulative_Lag 2","1.0082","0.9899","1.0268"
"Chiang Rai","cumulative_Lag 2","0.9833","0.9699","0.9969"
"Chon Buri","cumulative_Lag 2","1.0523","1.0157","1.0902"
"Kamphaeng Phet","cumulative_Lag 2","0.9778","0.9073","1.0539"
"Kanchanaburi","cumulative_Lag 2","1.0198","0.9832","1.0577"
"Khon Kaen","cumulative_Lag 2","1.0382","1.0116","1.0655"
"Lampang","cumulative_Lag 2","0.9916","0.9624","1.0218"
"Lamphun","cumulative_Lag 2","0.9943","0.9577","1.0323"
"Loei","cumulative_Lag 2","0.9943","0.9615","1.0283"
"Lop Buri","cumulative_Lag 2","1.1694","1.0933","1.2509"
"Mae Hong Son","cumulative_Lag 2","1.0213","0.988","1.0556"
"Mukdahan","cumulative_Lag 2","1.0332","0.8433","1.2658"
"Nakhon Pathom","cumulative_Lag 2","1.0287","0.9879","1.0713"
"Nakhon Phanom","cumulative_Lag 2","1.0193","0.9774","1.063"
"Nakhon Ratchasima","cumulative_Lag 2","1.0594","1.0333","1.0861"
"Nakhon Sawan","cumulative_Lag 2","1.016","0.9806","1.0527"
"Nakhon Si Thammarat","cumulative_Lag 2","1.0864","1.0032","1.1764"
"Nan","cumulative_Lag 2","0.9993","0.9702","1.0293"
"Narathiwat","cumulative_Lag 2","0.9577","0.889","1.0317"
"Nong Khai","cumulative_Lag 2","1.0375","1.0028","1.0734"
"Pathum Thani","cumulative_Lag 2","1.0169","0.9738","1.062"
"Phayao","cumulative_Lag 2","0.9729","0.9425","1.0043"
"Phetchabun","cumulative_Lag 2","0.9771","0.8983","1.0628"
"Phichit","cumulative_Lag 2","0.9994","0.9173","1.0888"
"Phitsanulok","cumulative_Lag 2","1.0261","0.9948","1.0584"
"Phra Nakhon Si Ayutthaya","cumulative_Lag 2","1.0016","0.9597","1.0454"
"Phrae","cumulative_Lag 2","0.9784","0.9457","1.0123"
"Phuket","cumulative_Lag 2","1.0559","0.9209","1.2106"
"Prachin Buri","cumulative_Lag 2","1.0541","1.0062","1.1044"
"Prachuap Khiri Khan","cumulative_Lag 2","1.0537","0.9527","1.1653"
"Ratchaburi","cumulative_Lag 2","1.0379","1.0097","1.0668"
"Rayong","cumulative_Lag 2","1.0527","1.0002","1.1079"
"Sa Kaeo","cumulative_Lag 2","1.0265","0.9712","1.085"
"Sakon Nakhon","cumulative_Lag 2","1.042","0.9728","1.1162"
"Samut Prakan","cumulative_Lag 2","1.0297","0.9943","1.0662"
"Samut Songkhram","cumulative_Lag 2","1.0233","0.9475","1.1051"
"Satun","cumulative_Lag 2","0.9813","0.8757","1.0997"
"Songkhla","cumulative_Lag 2","1.0196","0.959","1.084"
"Sukhothai","cumulative_Lag 2","1.0226","0.9662","1.0823"
"Suphan Buri","cumulative_Lag 2","0.9836","0.9357","1.0341"
"Surat Thani","cumulative_Lag 2","1.063","0.9986","1.1315"
"Tak","cumulative_Lag 2","0.9793","0.9344","1.0263"
"Trang","cumulative_Lag 2","0.9035","0.7456","1.0949"
"Trat","cumulative_Lag 2","1.0367","0.8978","1.197"
"Ubon Ratchathani","cumulative_Lag 2","1.0136","0.9916","1.036"
"Udon Thani","cumulative_Lag 2","1.0302","0.9861","1.0762"
"Uthai Thani","cumulative_Lag 2","1.048","0.9527","1.1528"
"Uttaradit","cumulative_Lag 2","1.0284","0.9484","1.1152"
"Yala","cumulative_Lag 2","1.042","0.956","1.1356"
