"Province","cumulative_Lag","RR","Lower","Upper"
"Bangkok","cumulative_Lag 1","1.0331","1.0148","1.0517"
"Buri Ram","cumulative_Lag 1","0.9744","0.9076","1.046"
"Chachoengsao","cumulative_Lag 1","1.0253","0.9805","1.0721"
"Chanthaburi","cumulative_Lag 1","1.0136","0.8884","1.1564"
"Chiang Mai","cumulative_Lag 1","1.0059","0.9886","1.0236"
"Chiang Rai","cumulative_Lag 1","0.9857","0.9724","0.9993"
"Chon Buri","cumulative_Lag 1","1.0447","1.01","1.0806"
"Kamphaeng Phet","cumulative_Lag 1","0.9816","0.9162","1.0516"
"Kanchanaburi","cumulative_Lag 1","1.0161","0.9808","1.0527"
"Khon Kaen","cumulative_Lag 1","1.0375","1.0127","1.0628"
"Lampang","cumulative_Lag 1","0.9879","0.9602","1.0165"
"Lamphun","cumulative_Lag 1","0.9945","0.9589","1.0315"
"Loei","cumulative_Lag 1","1.0012","0.97","1.0334"
"Lop Buri","cumulative_Lag 1","1.168","1.0961","1.2447"
"Mae Hong Son","cumulative_Lag 1","1.0209","0.9871","1.0558"
"Mukdahan","cumulative_Lag 1","1.0563","0.8824","1.2645"
"Nakhon Pathom","cumulative_Lag 1","1.0204","0.9818","1.0606"
"Nakhon Phanom","cumulative_Lag 1","1.0196","0.9818","1.0589"
"Nakhon Ratchasima","cumulative_Lag 1","1.0487","1.0239","1.0742"
"Nakhon Sawan","cumulative_Lag 1","1.0045","0.9714","1.0387"
"Nakhon Si Thammarat","cumulative_Lag 1","1.0964","1.0169","1.1822"
"Nan","cumulative_Lag 1","0.9939","0.9663","1.0224"
"Narathiwat","cumulative_Lag 1","0.9636","0.8984","1.0335"
"Nong Khai","cumulative_Lag 1","1.0449","1.0124","1.0785"
"Pathum Thani","cumulative_Lag 1","1.0082","0.9672","1.0508"
"Phayao","cumulative_Lag 1","0.9749","0.9458","1.0049"
"Phetchabun","cumulative_Lag 1","0.9883","0.9161","1.0662"
"Phichit","cumulative_Lag 1","0.9942","0.9185","1.0761"
"Phitsanulok","cumulative_Lag 1","1.0223","0.9926","1.053"
"Phra Nakhon Si Ayutthaya","cumulative_Lag 1","1.0025","0.9627","1.0439"
"Phrae","cumulative_Lag 1","0.9833","0.9521","1.0155"
"Phuket","cumulative_Lag 1","1.0586","0.9313","1.2033"
"Prachin Buri","cumulative_Lag 1","1.0476","1.0011","1.0963"
"Prachuap Khiri Khan","cumulative_Lag 1","1.0285","0.9337","1.1329"
"Ratchaburi","cumulative_Lag 1","1.0309","1.0035","1.0591"
"Rayong","cumulative_Lag 1","1.0564","1.0059","1.1095"
"Sa Kaeo","cumulative_Lag 1","1.0238","0.9691","1.0817"
"Sakon Nakhon","cumulative_Lag 1","1.0433","0.9773","1.1136"
"Samut Prakan","cumulative_Lag 1","1.0245","0.9913","1.0589"
"Samut Songkhram","cumulative_Lag 1","1.0023","0.9316","1.0784"
"Satun","cumulative_Lag 1","0.9904","0.8908","1.1012"
"Songkhla","cumulative_Lag 1","1.0198","0.9627","1.0803"
"Sukhothai","cumulative_Lag 1","1.0244","0.9717","1.0799"
"Suphan Buri","cumulative_Lag 1","0.9835","0.9385","1.0307"
"Surat Thani","cumulative_Lag 1","1.035","0.9766","1.097"
"Tak","cumulative_Lag 1","0.9774","0.9351","1.0217"
"Trang","cumulative_Lag 1","0.9124","0.7634","1.0906"
"Trat","cumulative_Lag 1","1.032","0.8927","1.193"
"Ubon Ratchathani","cumulative_Lag 1","1.0126","0.9921","1.0334"
"Udon Thani","cumulative_Lag 1","1.0126","0.9716","1.0553"
"Uthai Thani","cumulative_Lag 1","1.0293","0.9403","1.1269"
"Uttaradit","cumulative_Lag 1","1.017","0.9385","1.102"
"Yala","cumulative_Lag 1","1.0347","0.9537","1.1225"
