"Province","cumulative_Lag","RR","Lower","Upper"
"Bangkok","cumulative_Lag 6","1.0578","1.0356","1.0805"
"Buri Ram","cumulative_Lag 6","1.013","0.9272","1.1068"
"Chachoengsao","cumulative_Lag 6","1.0469","0.9907","1.1063"
"Chanthaburi","cumulative_Lag 6","1.0397","0.9083","1.1901"
"Chiang Mai","cumulative_Lag 6","1.02","1.0004","1.04"
"Chiang Rai","cumulative_Lag 6","0.9863","0.9739","0.9988"
"Chon Buri","cumulative_Lag 6","1.0449","1.0032","1.0882"
"Kamphaeng Phet","cumulative_Lag 6","1.0217","0.924","1.1297"
"Kanchanaburi","cumulative_Lag 6","1.0239","0.9842","1.0652"
"Khon Kaen","cumulative_Lag 6","1.0024","0.9718","1.034"
"Lampang","cumulative_Lag 6","1.0136","0.9798","1.0485"
"Lamphun","cumulative_Lag 6","0.9915","0.9503","1.0345"
"Loei","cumulative_Lag 6","0.9684","0.9301","1.0082"
"Lop Buri","cumulative_Lag 6","1.0706","0.9847","1.1639"
"Mae Hong Son","cumulative_Lag 6","1.0118","0.9791","1.0456"
"Mukdahan","cumulative_Lag 6","0.9055","0.695","1.1797"
"Nakhon Pathom","cumulative_Lag 6","1.0546","1.0086","1.1027"
"Nakhon Phanom","cumulative_Lag 6","1.0073","0.9556","1.0619"
"Nakhon Ratchasima","cumulative_Lag 6","1.0697","1.04","1.1002"
"Nakhon Sawan","cumulative_Lag 6","1.063","1.0201","1.1076"
"Nakhon Si Thammarat","cumulative_Lag 6","1.0413","0.9526","1.1383"
"Nan","cumulative_Lag 6","0.9984","0.9662","1.0316"
"Narathiwat","cumulative_Lag 6","0.9908","0.9095","1.0794"
"Nong Khai","cumulative_Lag 6","0.988","0.9484","1.0292"
"Pathum Thani","cumulative_Lag 6","1.0355","0.9867","1.0866"
"Phayao","cumulative_Lag 6","0.9826","0.9482","1.0184"
"Phetchabun","cumulative_Lag 6","0.9782","0.8811","1.0862"
"Phichit","cumulative_Lag 6","1.0017","0.905","1.1087"
"Phitsanulok","cumulative_Lag 6","1.0326","0.9958","1.0707"
"Phra Nakhon Si Ayutthaya","cumulative_Lag 6","1.0043","0.9568","1.0543"
"Phrae","cumulative_Lag 6","1.0002","0.9618","1.0401"
"Phuket","cumulative_Lag 6","1.0518","0.8908","1.2419"
"Prachin Buri","cumulative_Lag 6","1.0448","0.9928","1.0995"
"Prachuap Khiri Khan","cumulative_Lag 6","1.1203","1.0021","1.2524"
"Ratchaburi","cumulative_Lag 6","1.027","0.998","1.0569"
"Rayong","cumulative_Lag 6","1.0161","0.9587","1.0768"
"Sa Kaeo","cumulative_Lag 6","1.0232","0.9674","1.0822"
"Sakon Nakhon","cumulative_Lag 6","1.0265","0.9447","1.1153"
"Samut Prakan","cumulative_Lag 6","1.0203","0.9806","1.0617"
"Samut Songkhram","cumulative_Lag 6","1.1311","1.0353","1.2358"
"Satun","cumulative_Lag 6","0.9998","0.8729","1.1452"
"Songkhla","cumulative_Lag 6","0.9878","0.9188","1.062"
"Sukhothai","cumulative_Lag 6","1.0032","0.9462","1.0636"
"Suphan Buri","cumulative_Lag 6","1.0075","0.9528","1.0653"
"Surat Thani","cumulative_Lag 6","1.1271","1.0443","1.2165"
"Tak","cumulative_Lag 6","0.9865","0.9343","1.0417"
"Trang","cumulative_Lag 6","0.8648","0.6933","1.0787"
"Trat","cumulative_Lag 6","1.0169","0.8801","1.1751"
"Ubon Ratchathani","cumulative_Lag 6","1.0092","0.9826","1.0366"
"Udon Thani","cumulative_Lag 6","1.0638","1.0098","1.1206"
"Uthai Thani","cumulative_Lag 6","1.1293","1.0101","1.2626"
"Uttaradit","cumulative_Lag 6","1.0503","0.9624","1.1462"
"Yala","cumulative_Lag 6","1.003","0.9083","1.1075"
