"Province","cumulative_Lag","RR","Lower","Upper"
"Bangkok","cumulative_Lag 0","1.009","1.0022","1.0159"
"Buri Ram","cumulative_Lag 0","1.0138","0.9911","1.0371"
"Chachoengsao","cumulative_Lag 0","1.0202","1.0068","1.0337"
"Chanthaburi","cumulative_Lag 0","1.0123","0.9579","1.0699"
"Chiang Mai","cumulative_Lag 0","1.0074","0.9995","1.0155"
"Chiang Rai","cumulative_Lag 0","0.9962","0.9904","1.002"
"Chon Buri","cumulative_Lag 0","1.0174","1.0062","1.0287"
"Kamphaeng Phet","cumulative_Lag 0","0.9984","0.9724","1.0252"
"Kanchanaburi","cumulative_Lag 0","1.0039","0.9888","1.0192"
"Khon Kaen","cumulative_Lag 0","1.0145","1.0066","1.0224"
"Lampang","cumulative_Lag 0","0.9963","0.986","1.0068"
"Lamphun","cumulative_Lag 0","0.996","0.9825","1.0098"
"Loei","cumulative_Lag 0","1.0142","1.0028","1.0258"
"Lop Buri","cumulative_Lag 0","1.0446","1.0198","1.0701"
"Mae Hong Son","cumulative_Lag 0","1.0039","0.9884","1.0197"
"Mukdahan","cumulative_Lag 0","1.0258","0.9625","1.0932"
"Nakhon Pathom","cumulative_Lag 0","1.0093","0.9967","1.0219"
"Nakhon Phanom","cumulative_Lag 0","1.0052","0.9916","1.019"
"Nakhon Ratchasima","cumulative_Lag 0","1.0193","1.0119","1.0268"
"Nakhon Sawan","cumulative_Lag 0","1.0118","1.0017","1.0221"
"Nakhon Si Thammarat","cumulative_Lag 0","1.0282","1.0031","1.054"
"Nan","cumulative_Lag 0","0.9963","0.9796","1.0132"
"Narathiwat","cumulative_Lag 0","0.9823","0.9594","1.0058"
"Nong Khai","cumulative_Lag 0","1.0173","1.0055","1.0293"
"Pathum Thani","cumulative_Lag 0","0.9966","0.9807","1.0128"
"Phayao","cumulative_Lag 0","1.0016","0.9882","1.0152"
"Phetchabun","cumulative_Lag 0","1.0177","0.9887","1.0474"
"Phichit","cumulative_Lag 0","0.9941","0.9763","1.0122"
"Phitsanulok","cumulative_Lag 0","1.0092","0.9974","1.0211"
"Phra Nakhon Si Ayutthaya","cumulative_Lag 0","1.0047","0.9946","1.0149"
"Phrae","cumulative_Lag 0","0.9986","0.9845","1.0129"
"Phuket","cumulative_Lag 0","0.9972","0.96","1.0358"
"Prachin Buri","cumulative_Lag 0","1.0124","0.9966","1.0285"
"Prachuap Khiri Khan","cumulative_Lag 0","1.0076","0.9674","1.0494"
"Ratchaburi","cumulative_Lag 0","1.0136","1.0006","1.0267"
"Rayong","cumulative_Lag 0","1.0243","1.0062","1.0429"
"Sa Kaeo","cumulative_Lag 0","1.0125","0.9924","1.0331"
"Sakon Nakhon","cumulative_Lag 0","1.0017","0.9771","1.0269"
"Samut Prakan","cumulative_Lag 0","1.0064","0.9941","1.0189"
"Samut Songkhram","cumulative_Lag 0","0.9825","0.9562","1.0094"
"Satun","cumulative_Lag 0","1.0103","0.9652","1.0576"
"Songkhla","cumulative_Lag 0","1.0102","0.9902","1.0306"
"Sukhothai","cumulative_Lag 0","1.0196","1.0005","1.0391"
"Suphan Buri","cumulative_Lag 0","0.9975","0.9804","1.0149"
"Surat Thani","cumulative_Lag 0","1.0063","0.9862","1.0268"
"Tak","cumulative_Lag 0","0.9973","0.9826","1.0121"
"Trang","cumulative_Lag 0","0.9677","0.9106","1.0283"
"Trat","cumulative_Lag 0","1.0542","0.996","1.1158"
"Ubon Ratchathani","cumulative_Lag 0","1.0111","1.0028","1.0194"
"Udon Thani","cumulative_Lag 0","1.0126","0.9967","1.0287"
"Uthai Thani","cumulative_Lag 0","1.0122","0.9753","1.0504"
"Uttaradit","cumulative_Lag 0","0.9975","0.9679","1.0279"
"Yala","cumulative_Lag 0","1.0171","0.9891","1.0459"
