"Province","cumulative_Lag","RR","Lower","Upper"
"Bangkok","cumulative_Lag 2","1.0218","1.0112","1.0324"
"Buri Ram","cumulative_Lag 2","1.0355","0.9999","1.0723"
"Chachoengsao","cumulative_Lag 2","1.0349","1.014","1.0562"
"Chanthaburi","cumulative_Lag 2","1.0166","0.9389","1.1006"
"Chiang Mai","cumulative_Lag 2","1.0134","1.001","1.0259"
"Chiang Rai","cumulative_Lag 2","0.9915","0.9831","0.9998"
"Chon Buri","cumulative_Lag 2","1.0278","1.0106","1.0453"
"Kamphaeng Phet","cumulative_Lag 2","0.9952","0.9541","1.0381"
"Kanchanaburi","cumulative_Lag 2","1.0077","0.9853","1.0305"
"Khon Kaen","cumulative_Lag 2","1.0216","1.0091","1.0343"
"Lampang","cumulative_Lag 2","0.9907","0.9748","1.007"
"Lamphun","cumulative_Lag 2","1.0005","0.9799","1.0215"
"Loei","cumulative_Lag 2","1.0118","0.994","1.0298"
"Lop Buri","cumulative_Lag 2","1.0722","1.0328","1.113"
"Mae Hong Son","cumulative_Lag 2","1.0077","0.9854","1.0304"
"Mukdahan","cumulative_Lag 2","1.0444","0.9408","1.1593"
"Nakhon Pathom","cumulative_Lag 2","1.0245","1.0054","1.0441"
"Nakhon Phanom","cumulative_Lag 2","1.0036","0.9812","1.0265"
"Nakhon Ratchasima","cumulative_Lag 2","1.0362","1.0246","1.0479"
"Nakhon Sawan","cumulative_Lag 2","1.017","1.0013","1.0329"
"Nakhon Si Thammarat","cumulative_Lag 2","1.0454","1.008","1.0841"
"Nan","cumulative_Lag 2","0.9958","0.9697","1.0226"
"Narathiwat","cumulative_Lag 2","0.9786","0.9437","1.0148"
"Nong Khai","cumulative_Lag 2","1.0195","1.0007","1.0387"
"Pathum Thani","cumulative_Lag 2","1.0036","0.9796","1.0281"
"Phayao","cumulative_Lag 2","0.9971","0.9768","1.0177"
"Phetchabun","cumulative_Lag 2","1.0213","0.9745","1.0703"
"Phichit","cumulative_Lag 2","0.9968","0.9694","1.025"
"Phitsanulok","cumulative_Lag 2","1.0187","1.0015","1.0361"
"Phra Nakhon Si Ayutthaya","cumulative_Lag 2","1.011","0.9955","1.0267"
"Phrae","cumulative_Lag 2","0.9931","0.9718","1.015"
"Phuket","cumulative_Lag 2","0.9841","0.9266","1.0451"
"Prachin Buri","cumulative_Lag 2","1.0291","1.005","1.0537"
"Prachuap Khiri Khan","cumulative_Lag 2","1.038","0.9789","1.1007"
"Ratchaburi","cumulative_Lag 2","1.0223","1.0028","1.0423"
"Rayong","cumulative_Lag 2","1.0367","1.0091","1.065"
"Sa Kaeo","cumulative_Lag 2","1.0216","0.9919","1.0521"
"Sakon Nakhon","cumulative_Lag 2","1.0072","0.9694","1.0466"
"Samut Prakan","cumulative_Lag 2","1.0158","0.9967","1.0353"
"Samut Songkhram","cumulative_Lag 2","0.9898","0.9505","1.0308"
"Satun","cumulative_Lag 2","1.0178","0.9473","1.0936"
"Songkhla","cumulative_Lag 2","1.024","0.9935","1.0554"
"Sukhothai","cumulative_Lag 2","1.0224","0.9952","1.0504"
"Suphan Buri","cumulative_Lag 2","0.9946","0.9684","1.0215"
"Surat Thani","cumulative_Lag 2","1.0209","0.9888","1.0541"
"Tak","cumulative_Lag 2","0.9991","0.9765","1.0222"
"Trang","cumulative_Lag 2","0.932","0.85","1.022"
"Trat","cumulative_Lag 2","1.1025","1.018","1.194"
"Ubon Ratchathani","cumulative_Lag 2","1.0177","1.0047","1.031"
"Udon Thani","cumulative_Lag 2","1.0295","1.0047","1.0548"
"Uthai Thani","cumulative_Lag 2","1.0271","0.971","1.0864"
"Uttaradit","cumulative_Lag 2","1.0058","0.9627","1.0509"
"Yala","cumulative_Lag 2","1.0366","0.9941","1.0809"
