"Province","cumulative_Lag","RR","Lower","Upper"
"Bangkok","cumulative_Lag 1","1.0163","1.0063","1.0264"
"Buri Ram","cumulative_Lag 1","1.0257","0.9924","1.0601"
"Chachoengsao","cumulative_Lag 1","1.0315","1.0118","1.0516"
"Chanthaburi","cumulative_Lag 1","1.0175","0.9405","1.1008"
"Chiang Mai","cumulative_Lag 1","1.0118","1.0001","1.0236"
"Chiang Rai","cumulative_Lag 1","0.9933","0.9851","1.0017"
"Chon Buri","cumulative_Lag 1","1.0263","1.0099","1.043"
"Kamphaeng Phet","cumulative_Lag 1","0.9966","0.9586","1.0361"
"Kanchanaburi","cumulative_Lag 1","1.0064","0.9847","1.0286"
"Khon Kaen","cumulative_Lag 1","1.0214","1.0097","1.0332"
"Lampang","cumulative_Lag 1","0.9932","0.9781","1.0086"
"Lamphun","cumulative_Lag 1","0.9965","0.9769","1.0166"
"Loei","cumulative_Lag 1","1.0176","1.0008","1.0346"
"Lop Buri","cumulative_Lag 1","1.0681","1.0312","1.1063"
"Mae Hong Son","cumulative_Lag 1","1.0064","0.9843","1.029"
"Mukdahan","cumulative_Lag 1","1.0401","0.9458","1.1439"
"Nakhon Pathom","cumulative_Lag 1","1.0174","0.9992","1.036"
"Nakhon Phanom","cumulative_Lag 1","1.0061","0.9858","1.0269"
"Nakhon Ratchasima","cumulative_Lag 1","1.0312","1.0203","1.0422"
"Nakhon Sawan","cumulative_Lag 1","1.0172","1.0023","1.0323"
"Nakhon Si Thammarat","cumulative_Lag 1","1.0428","1.0064","1.0805"
"Nan","cumulative_Lag 1","0.9951","0.9707","1.0201"
"Narathiwat","cumulative_Lag 1","0.9757","0.9426","1.0099"
"Nong Khai","cumulative_Lag 1","1.0233","1.0058","1.0412"
"Pathum Thani","cumulative_Lag 1","0.9981","0.9751","1.0216"
"Phayao","cumulative_Lag 1","1.0004","0.981","1.0202"
"Phetchabun","cumulative_Lag 1","1.0242","0.9813","1.069"
"Phichit","cumulative_Lag 1","0.9933","0.9675","1.0198"
"Phitsanulok","cumulative_Lag 1","1.0153","0.9984","1.0324"
"Phra Nakhon Si Ayutthaya","cumulative_Lag 1","1.0083","0.9936","1.0232"
"Phrae","cumulative_Lag 1","0.9961","0.9756","1.017"
"Phuket","cumulative_Lag 1","0.9914","0.9374","1.0485"
"Prachin Buri","cumulative_Lag 1","1.0221","0.9991","1.0457"
"Prachuap Khiri Khan","cumulative_Lag 1","1.0206","0.963","1.0815"
"Ratchaburi","cumulative_Lag 1","1.0208","1.0019","1.04"
"Rayong","cumulative_Lag 1","1.036","1.0095","1.0632"
"Sa Kaeo","cumulative_Lag 1","1.0195","0.9905","1.0494"
"Sakon Nakhon","cumulative_Lag 1","1.0042","0.9683","1.0413"
"Samut Prakan","cumulative_Lag 1","1.0117","0.9937","1.0301"
"Samut Songkhram","cumulative_Lag 1","0.9799","0.9422","1.019"
"Satun","cumulative_Lag 1","1.0161","0.95","1.0868"
"Songkhla","cumulative_Lag 1","1.0182","0.9891","1.0482"
"Sukhothai","cumulative_Lag 1","1.0264","0.9994","1.0542"
"Suphan Buri","cumulative_Lag 1","0.9956","0.9708","1.0211"
"Surat Thani","cumulative_Lag 1","1.0134","0.9836","1.044"
"Tak","cumulative_Lag 1","0.9971","0.9758","1.0189"
"Trang","cumulative_Lag 1","0.9457","0.8658","1.0328"
"Trat","cumulative_Lag 1","1.0883","1.0044","1.1793"
"Ubon Ratchathani","cumulative_Lag 1","1.0168","1.0045","1.0291"
"Udon Thani","cumulative_Lag 1","1.0224","0.9991","1.0462"
"Uthai Thani","cumulative_Lag 1","1.021","0.9678","1.0771"
"Uttaradit","cumulative_Lag 1","0.9998","0.9577","1.0437"
"Yala","cumulative_Lag 1","1.0293","0.9886","1.0717"
