"Province","cumulative_Lag","RR","Lower","Upper"
"Bangkok","cumulative_Lag 4","1.0284","1.0175","1.0394"
"Buri Ram","cumulative_Lag 4","1.0491","1.0088","1.0909"
"Chachoengsao","cumulative_Lag 4","1.0283","1.0067","1.0505"
"Chanthaburi","cumulative_Lag 4","1.0085","0.9321","1.0911"
"Chiang Mai","cumulative_Lag 4","1.0122","0.9996","1.0251"
"Chiang Rai","cumulative_Lag 4","0.9898","0.9817","0.9979"
"Chon Buri","cumulative_Lag 4","1.0187","1.0012","1.0366"
"Kamphaeng Phet","cumulative_Lag 4","0.9989","0.9506","1.0496"
"Kanchanaburi","cumulative_Lag 4","1.0067","0.9843","1.0296"
"Khon Kaen","cumulative_Lag 4","1.0117","0.9986","1.025"
"Lampang","cumulative_Lag 4","0.9884","0.9719","1.0052"
"Lamphun","cumulative_Lag 4","1.0116","0.9903","1.0334"
"Loei","cumulative_Lag 4","0.989","0.9703","1.0081"
"Lop Buri","cumulative_Lag 4","1.0505","1.0084","1.0944"
"Mae Hong Son","cumulative_Lag 4","1.0078","0.9857","1.0304"
"Mukdahan","cumulative_Lag 4","1.0375","0.9241","1.1647"
"Nakhon Pathom","cumulative_Lag 4","1.0351","1.0154","1.0552"
"Nakhon Phanom","cumulative_Lag 4","0.9968","0.9718","1.0224"
"Nakhon Ratchasima","cumulative_Lag 4","1.0335","1.0213","1.0459"
"Nakhon Sawan","cumulative_Lag 4","1.0097","0.9936","1.0261"
"Nakhon Si Thammarat","cumulative_Lag 4","1.0337","0.9964","1.0724"
"Nan","cumulative_Lag 4","0.9971","0.969","1.026"
"Narathiwat","cumulative_Lag 4","1.0019","0.9645","1.0408"
"Nong Khai","cumulative_Lag 4","0.9993","0.9794","1.0197"
"Pathum Thani","cumulative_Lag 4","1.0194","0.9944","1.045"
"Phayao","cumulative_Lag 4","0.9885","0.9681","1.0094"
"Phetchabun","cumulative_Lag 4","1.0048","0.9526","1.0598"
"Phichit","cumulative_Lag 4","1.0099","0.9802","1.0405"
"Phitsanulok","cumulative_Lag 4","1.0212","1.0034","1.0393"
"Phra Nakhon Si Ayutthaya","cumulative_Lag 4","1.0147","0.9984","1.0312"
"Phrae","cumulative_Lag 4","0.9915","0.9698","1.0137"
"Phuket","cumulative_Lag 4","0.9774","0.9157","1.0432"
"Prachin Buri","cumulative_Lag 4","1.0336","1.0091","1.0587"
"Prachuap Khiri Khan","cumulative_Lag 4","1.0757","1.015","1.1401"
"Ratchaburi","cumulative_Lag 4","1.017","0.9978","1.0365"
"Rayong","cumulative_Lag 4","1.0237","0.996","1.0521"
"Sa Kaeo","cumulative_Lag 4","1.0178","0.9881","1.0483"
"Sakon Nakhon","cumulative_Lag 4","1.0136","0.9737","1.0551"
"Samut Prakan","cumulative_Lag 4","1.0195","0.9997","1.0398"
"Samut Songkhram","cumulative_Lag 4","1.0289","0.988","1.0714"
"Satun","cumulative_Lag 4","1.0142","0.9402","1.0941"
"Songkhla","cumulative_Lag 4","1.0293","0.9977","1.0618"
"Sukhothai","cumulative_Lag 4","1.0019","0.9734","1.0313"
"Suphan Buri","cumulative_Lag 4","0.9983","0.9707","1.0266"
"Surat Thani","cumulative_Lag 4","1.0344","0.9995","1.0705"
"Tak","cumulative_Lag 4","1.0052","0.9806","1.0304"
"Trang","cumulative_Lag 4","0.917","0.8333","1.0091"
"Trat","cumulative_Lag 4","1.089","1.0072","1.1775"
"Ubon Ratchathani","cumulative_Lag 4","1.0119","0.998","1.0261"
"Udon Thani","cumulative_Lag 4","1.0369","1.0108","1.0637"
"Uthai Thani","cumulative_Lag 4","1.0367","0.9737","1.1037"
"Uttaradit","cumulative_Lag 4","1.0193","0.975","1.0655"
"Yala","cumulative_Lag 4","1.0383","0.9948","1.0837"
