"Province","cumulative_Lag","RR","Lower","Upper"
"Bangkok","cumulative_Lag 3","1.0257","1.0154","1.0361"
"Buri Ram","cumulative_Lag 3","1.0433","1.0068","1.0811"
"Chachoengsao","cumulative_Lag 3","1.0326","1.0121","1.0536"
"Chanthaburi","cumulative_Lag 3","1.0123","0.9393","1.0909"
"Chiang Mai","cumulative_Lag 3","1.0131","1.001","1.0254"
"Chiang Rai","cumulative_Lag 3","0.9903","0.9826","0.9981"
"Chon Buri","cumulative_Lag 3","1.0241","1.0074","1.0411"
"Kamphaeng Phet","cumulative_Lag 3","0.9954","0.9522","1.0405"
"Kanchanaburi","cumulative_Lag 3","1.0077","0.9863","1.0296"
"Khon Kaen","cumulative_Lag 3","1.0174","1.0049","1.03"
"Lampang","cumulative_Lag 3","0.9891","0.9734","1.005"
"Lamphun","cumulative_Lag 3","1.0064","0.9863","1.027"
"Loei","cumulative_Lag 3","1.0005","0.9829","1.0183"
"Lop Buri","cumulative_Lag 3","1.063","1.0237","1.1039"
"Mae Hong Son","cumulative_Lag 3","1.008","0.987","1.0294"
"Mukdahan","cumulative_Lag 3","1.0417","0.9352","1.1604"
"Nakhon Pathom","cumulative_Lag 3","1.0304","1.0117","1.0495"
"Nakhon Phanom","cumulative_Lag 3","0.9996","0.9764","1.0233"
"Nakhon Ratchasima","cumulative_Lag 3","1.0361","1.0246","1.0477"
"Nakhon Sawan","cumulative_Lag 3","1.0135","0.9981","1.0291"
"Nakhon Si Thammarat","cumulative_Lag 3","1.0402","1.0046","1.077"
"Nan","cumulative_Lag 3","0.9971","0.9708","1.0241"
"Narathiwat","cumulative_Lag 3","0.9886","0.9537","1.0247"
"Nong Khai","cumulative_Lag 3","1.0097","0.9909","1.029"
"Pathum Thani","cumulative_Lag 3","1.0115","0.988","1.0355"
"Phayao","cumulative_Lag 3","0.9926","0.973","1.0125"
"Phetchabun","cumulative_Lag 3","1.0129","0.9646","1.0636"
"Phichit","cumulative_Lag 3","1.0031","0.9755","1.0314"
"Phitsanulok","cumulative_Lag 3","1.0202","1.0037","1.037"
"Phra Nakhon Si Ayutthaya","cumulative_Lag 3","1.013","0.9977","1.0285"
"Phrae","cumulative_Lag 3","0.991","0.9702","1.0122"
"Phuket","cumulative_Lag 3","0.9781","0.9204","1.0393"
"Prachin Buri","cumulative_Lag 3","1.033","1.0097","1.0568"
"Prachuap Khiri Khan","cumulative_Lag 3","1.0576","1.0008","1.1176"
"Ratchaburi","cumulative_Lag 3","1.0202","1.0016","1.0391"
"Rayong","cumulative_Lag 3","1.0305","1.004","1.0576"
"Sa Kaeo","cumulative_Lag 3","1.0202","0.992","1.0492"
"Sakon Nakhon","cumulative_Lag 3","1.0106","0.9731","1.0495"
"Samut Prakan","cumulative_Lag 3","1.0185","0.9997","1.0377"
"Samut Songkhram","cumulative_Lag 3","1.0083","0.9698","1.0483"
"Satun","cumulative_Lag 3","1.0166","0.9464","1.092"
"Songkhla","cumulative_Lag 3","1.0276","0.9978","1.0583"
"Sukhothai","cumulative_Lag 3","1.0121","0.9859","1.0389"
"Suphan Buri","cumulative_Lag 3","0.9952","0.9693","1.0219"
"Surat Thani","cumulative_Lag 3","1.0283","0.9957","1.0619"
"Tak","cumulative_Lag 3","1.0023","0.9796","1.0255"
"Trang","cumulative_Lag 3","0.9238","0.8441","1.0109"
"Trat","cumulative_Lag 3","1.1005","1.0223","1.1848"
"Ubon Ratchathani","cumulative_Lag 3","1.0154","1.0023","1.0287"
"Udon Thani","cumulative_Lag 3","1.0342","1.0096","1.0593"
"Uthai Thani","cumulative_Lag 3","1.0316","0.9746","1.0919"
"Uttaradit","cumulative_Lag 3","1.0134","0.9719","1.0567"
"Yala","cumulative_Lag 3","1.0394","0.9981","1.0824"
