"Province","cumulative_Lag","RR","Lower","Upper"
"Bangkok","cumulative_Lag 6","1.0314","1.0194","1.0435"
"Buri Ram","cumulative_Lag 6","1.0548","1.0128","1.0986"
"Chachoengsao","cumulative_Lag 6","1.0266","1.0028","1.051"
"Chanthaburi","cumulative_Lag 6","1.0164","0.9402","1.0987"
"Chiang Mai","cumulative_Lag 6","1.0134","1.0002","1.0268"
"Chiang Rai","cumulative_Lag 6","0.9895","0.9816","0.9975"
"Chon Buri","cumulative_Lag 6","1.0152","0.9956","1.0352"
"Kamphaeng Phet","cumulative_Lag 6","1.0228","0.9685","1.0802"
"Kanchanaburi","cumulative_Lag 6","1.0019","0.9786","1.0259"
"Khon Kaen","cumulative_Lag 6","1.0078","0.9932","1.0227"
"Lampang","cumulative_Lag 6","0.991","0.9727","1.0096"
"Lamphun","cumulative_Lag 6","1.0105","0.987","1.0347"
"Loei","cumulative_Lag 6","0.9845","0.9636","1.0059"
"Lop Buri","cumulative_Lag 6","1.0498","1.0038","1.0978"
"Mae Hong Son","cumulative_Lag 6","1.0083","0.9856","1.0315"
"Mukdahan","cumulative_Lag 6","1.0427","0.9234","1.1774"
"Nakhon Pathom","cumulative_Lag 6","1.0405","1.0194","1.062"
"Nakhon Phanom","cumulative_Lag 6","1.0047","0.9767","1.0335"
"Nakhon Ratchasima","cumulative_Lag 6","1.0311","1.0179","1.0445"
"Nakhon Sawan","cumulative_Lag 6","1.0131","0.9961","1.0303"
"Nakhon Si Thammarat","cumulative_Lag 6","1.0405","1.001","1.0816"
"Nan","cumulative_Lag 6","0.9862","0.9558","1.0175"
"Narathiwat","cumulative_Lag 6","1.0249","0.9837","1.0679"
"Nong Khai","cumulative_Lag 6","0.9958","0.974","1.0181"
"Pathum Thani","cumulative_Lag 6","1.0259","0.9992","1.0534"
"Phayao","cumulative_Lag 6","0.9874","0.9645","1.0109"
"Phetchabun","cumulative_Lag 6","1.0099","0.954","1.0691"
"Phichit","cumulative_Lag 6","1.0168","0.9857","1.049"
"Phitsanulok","cumulative_Lag 6","1.0263","1.0078","1.0452"
"Phra Nakhon Si Ayutthaya","cumulative_Lag 6","1.0188","1.0008","1.0371"
"Phrae","cumulative_Lag 6","1.0074","0.9833","1.032"
"Phuket","cumulative_Lag 6","1.0072","0.9371","1.0826"
"Prachin Buri","cumulative_Lag 6","1.0244","0.998","1.0514"
"Prachuap Khiri Khan","cumulative_Lag 6","1.0931","1.0305","1.1595"
"Ratchaburi","cumulative_Lag 6","1.0178","0.9966","1.0395"
"Rayong","cumulative_Lag 6","1.0309","1.0001","1.0625"
"Sa Kaeo","cumulative_Lag 6","1.018","0.9864","1.0506"
"Sakon Nakhon","cumulative_Lag 6","1.0167","0.9724","1.0629"
"Samut Prakan","cumulative_Lag 6","1.0154","0.9938","1.0375"
"Samut Songkhram","cumulative_Lag 6","1.0511","1.007","1.0971"
"Satun","cumulative_Lag 6","1.0123","0.9309","1.1009"
"Songkhla","cumulative_Lag 6","1.0275","0.9932","1.0629"
"Sukhothai","cumulative_Lag 6","1.0056","0.9769","1.0351"
"Suphan Buri","cumulative_Lag 6","1.0157","0.9865","1.0459"
"Surat Thani","cumulative_Lag 6","1.0389","1","1.0794"
"Tak","cumulative_Lag 6","1.005","0.9777","1.0329"
"Trang","cumulative_Lag 6","0.8942","0.8075","0.9901"
"Trat","cumulative_Lag 6","1.0624","0.978","1.1541"
"Ubon Ratchathani","cumulative_Lag 6","1.0093","0.9939","1.025"
"Udon Thani","cumulative_Lag 6","1.0386","1.0097","1.0684"
"Uthai Thani","cumulative_Lag 6","1.0556","0.99","1.1256"
"Uttaradit","cumulative_Lag 6","1.0133","0.9655","1.0635"
"Yala","cumulative_Lag 6","1.0268","0.9813","1.0745"
