"Province","cumulative_Lag","RR","Lower","Upper"
"Bangkok","cumulative_Lag 7","1.0319","1.0179","1.0462"
"Buri Ram","cumulative_Lag 7","1.0549","1.0111","1.1005"
"Chachoengsao","cumulative_Lag 7","1.0327","1.0049","1.0613"
"Chanthaburi","cumulative_Lag 7","1.0321","0.9493","1.1222"
"Chiang Mai","cumulative_Lag 7","1.0167","1.0018","1.0318"
"Chiang Rai","cumulative_Lag 7","0.9897","0.9806","0.9988"
"Chon Buri","cumulative_Lag 7","1.0205","0.9972","1.0444"
"Kamphaeng Phet","cumulative_Lag 7","1.0455","0.9853","1.1093"
"Kanchanaburi","cumulative_Lag 7","0.9983","0.9719","1.0254"
"Khon Kaen","cumulative_Lag 7","1.0128","0.9956","1.0302"
"Lampang","cumulative_Lag 7","0.9944","0.9731","1.0162"
"Lamphun","cumulative_Lag 7","1.0016","0.9744","1.0296"
"Loei","cumulative_Lag 7","0.9966","0.9724","1.0214"
"Lop Buri","cumulative_Lag 7","1.0713","1.0187","1.1265"
"Mae Hong Son","cumulative_Lag 7","1.0094","0.9832","1.0361"
"Mukdahan","cumulative_Lag 7","1.0575","0.9282","1.2049"
"Nakhon Pathom","cumulative_Lag 7","1.0411","1.0167","1.0661"
"Nakhon Phanom","cumulative_Lag 7","1.0184","0.9868","1.0511"
"Nakhon Ratchasima","cumulative_Lag 7","1.034","1.0188","1.0494"
"Nakhon Sawan","cumulative_Lag 7","1.0235","1.0045","1.0429"
"Nakhon Si Thammarat","cumulative_Lag 7","1.0606","1.0152","1.108"
"Nan","cumulative_Lag 7","0.9735","0.9392","1.0091"
"Narathiwat","cumulative_Lag 7","1.0304","0.9837","1.0793"
"Nong Khai","cumulative_Lag 7","1.008","0.9829","1.0338"
"Pathum Thani","cumulative_Lag 7","1.0219","0.9918","1.053"
"Phayao","cumulative_Lag 7","0.9919","0.9642","1.0204"
"Phetchabun","cumulative_Lag 7","1.0291","0.9676","1.0945"
"Phichit","cumulative_Lag 7","1.0145","0.9807","1.0495"
"Phitsanulok","cumulative_Lag 7","1.0317","1.0117","1.0522"
"Phra Nakhon Si Ayutthaya","cumulative_Lag 7","1.0216","1.0005","1.0431"
"Phrae","cumulative_Lag 7","1.0249","0.9965","1.0542"
"Phuket","cumulative_Lag 7","1.0431","0.9611","1.1322"
"Prachin Buri","cumulative_Lag 7","1.0144","0.984","1.0457"
"Prachuap Khiri Khan","cumulative_Lag 7","1.0882","1.0214","1.1594"
"Ratchaburi","cumulative_Lag 7","1.0246","0.9988","1.0511"
"Rayong","cumulative_Lag 7","1.0514","1.0148","1.0894"
"Sa Kaeo","cumulative_Lag 7","1.023","0.9867","1.0605"
"Sakon Nakhon","cumulative_Lag 7","1.0161","0.9647","1.0702"
"Samut Prakan","cumulative_Lag 7","1.01","0.9851","1.0356"
"Samut Songkhram","cumulative_Lag 7","1.0454","0.9947","1.0986"
"Satun","cumulative_Lag 7","1.0145","0.9199","1.1188"
"Songkhla","cumulative_Lag 7","1.0242","0.9843","1.0658"
"Sukhothai","cumulative_Lag 7","1.0261","0.9966","1.0564"
"Suphan Buri","cumulative_Lag 7","1.0313","0.9987","1.0648"
"Surat Thani","cumulative_Lag 7","1.0363","0.9916","1.0829"
"Tak","cumulative_Lag 7","1.0004","0.9696","1.0322"
"Trang","cumulative_Lag 7","0.8746","0.78","0.9808"
"Trat","cumulative_Lag 7","1.0539","0.9579","1.1594"
"Ubon Ratchathani","cumulative_Lag 7","1.0124","0.9944","1.0306"
"Udon Thani","cumulative_Lag 7","1.0381","1.0045","1.0728"
"Uthai Thani","cumulative_Lag 7","1.0718","1.0026","1.1457"
"Uttaradit","cumulative_Lag 7","0.9982","0.9431","1.0566"
"Yala","cumulative_Lag 7","1.0172","0.9663","1.0708"
