"Province","cumulative_Lag","RR","Lower","Upper"
"Bangkok","cumulative_Lag 5","1.0302","1.0185","1.042"
"Buri Ram","cumulative_Lag 5","1.0529","1.0097","1.0979"
"Chachoengsao","cumulative_Lag 5","1.0255","1.0025","1.0492"
"Chanthaburi","cumulative_Lag 5","1.009","0.9286","1.0963"
"Chiang Mai","cumulative_Lag 5","1.012","0.9987","1.0255"
"Chiang Rai","cumulative_Lag 5","0.9896","0.9812","0.998"
"Chon Buri","cumulative_Lag 5","1.015","0.9962","1.0342"
"Kamphaeng Phet","cumulative_Lag 5","1.0076","0.9547","1.0634"
"Kanchanaburi","cumulative_Lag 5","1.0047","0.9811","1.029"
"Khon Kaen","cumulative_Lag 5","1.0078","0.9939","1.022"
"Lampang","cumulative_Lag 5","0.989","0.9714","1.0069"
"Lamphun","cumulative_Lag 5","1.0136","0.9907","1.0371"
"Loei","cumulative_Lag 5","0.9826","0.9624","1.0032"
"Lop Buri","cumulative_Lag 5","1.044","0.9989","1.0911"
"Mae Hong Son","cumulative_Lag 5","1.0078","0.9844","1.0318"
"Mukdahan","cumulative_Lag 5","1.0366","0.9174","1.1713"
"Nakhon Pathom","cumulative_Lag 5","1.0385","1.0175","1.0598"
"Nakhon Phanom","cumulative_Lag 5","0.9979","0.971","1.0255"
"Nakhon Ratchasima","cumulative_Lag 5","1.0313","1.0182","1.0445"
"Nakhon Sawan","cumulative_Lag 5","1.0089","0.9918","1.0262"
"Nakhon Si Thammarat","cumulative_Lag 5","1.0324","0.9927","1.0737"
"Nan","cumulative_Lag 5","0.9938","0.964","1.0246"
"Narathiwat","cumulative_Lag 5","1.0149","0.9745","1.0571"
"Nong Khai","cumulative_Lag 5","0.9935","0.9723","1.0152"
"Pathum Thani","cumulative_Lag 5","1.0248","0.998","1.0522"
"Phayao","cumulative_Lag 5","0.9865","0.9646","1.0088"
"Phetchabun","cumulative_Lag 5","1.0025","0.947","1.0613"
"Phichit","cumulative_Lag 5","1.015","0.9834","1.0477"
"Phitsanulok","cumulative_Lag 5","1.0229","1.0038","1.0425"
"Phra Nakhon Si Ayutthaya","cumulative_Lag 5","1.0165","0.9991","1.0343"
"Phrae","cumulative_Lag 5","0.9965","0.9732","1.0203"
"Phuket","cumulative_Lag 5","0.9861","0.9193","1.0577"
"Prachin Buri","cumulative_Lag 5","1.0308","1.0047","1.0575"
"Prachuap Khiri Khan","cumulative_Lag 5","1.0885","1.0233","1.1578"
"Ratchaburi","cumulative_Lag 5","1.0156","0.9952","1.0364"
"Rayong","cumulative_Lag 5","1.0224","0.9928","1.053"
"Sa Kaeo","cumulative_Lag 5","1.0165","0.9849","1.0492"
"Sakon Nakhon","cumulative_Lag 5","1.0158","0.9729","1.0605"
"Samut Prakan","cumulative_Lag 5","1.0186","0.9974","1.0402"
"Samut Songkhram","cumulative_Lag 5","1.0448","1.001","1.0905"
"Satun","cumulative_Lag 5","1.0124","0.9336","1.0979"
"Songkhla","cumulative_Lag 5","1.0292","0.9955","1.064"
"Sukhothai","cumulative_Lag 5","0.9983","0.9677","1.0299"
"Suphan Buri","cumulative_Lag 5","1.0049","0.9756","1.0351"
"Surat Thani","cumulative_Lag 5","1.0382","1.0006","1.0772"
"Tak","cumulative_Lag 5","1.0064","0.9798","1.0337"
"Trang","cumulative_Lag 5","0.9079","0.8199","1.0055"
"Trat","cumulative_Lag 5","1.0749","0.9879","1.1694"
"Ubon Ratchathani","cumulative_Lag 5","1.0094","0.9945","1.0246"
"Udon Thani","cumulative_Lag 5","1.0383","1.0103","1.0672"
"Uthai Thani","cumulative_Lag 5","1.0442","0.9765","1.1166"
"Uttaradit","cumulative_Lag 5","1.02","0.9724","1.07"
"Yala","cumulative_Lag 5","1.034","0.9879","1.0821"
